domain,tau,method,bin_idx,bin_lo,bin_hi,n,value,ci_lo,ci_hi,alpha,param_name
Sports,6h,binning10,0,0.05,0.15,4295,0.09569266589057043,0.08705581615329804,0.10488373498074882,,recal_prob
Sports,6h,binning10,1,0.15,0.24,4382,0.20743952533089913,0.19551816068686048,0.2197520825865576,,recal_prob
Sports,6h,binning10,2,0.24,0.31,4546,0.2855257369115706,0.2724273761843156,0.2989001317255535,,recal_prob
Sports,6h,binning10,3,0.31,0.38,4375,0.3513142857142857,0.33715747624278014,0.3656698577441385,,recal_prob
Sports,6h,binning10,4,0.38,0.44,4336,0.4232011070110701,0.4084358854770243,0.43806988409868153,,recal_prob
Sports,6h,binning10,5,0.44,0.49,4443,0.462525320729237,0.44778072325099366,0.47731922188245407,,recal_prob
Sports,6h,binning10,6,0.49,0.54,4258,0.49671207139502116,0.48158346563633025,0.5118451916492941,,recal_prob
Sports,6h,binning10,7,0.54,0.61,4920,0.542479674796748,0.5284355510437899,0.5564733516188887,,recal_prob
Sports,6h,binning10,8,0.61,0.71,4450,0.6348314606741573,0.6204879360462083,0.6489978113520651,,recal_prob
Sports,6h,binning10,9,0.71,0.95,4752,0.7699915824915825,0.7577571676080831,0.7818933900950235,,recal_prob
Sports,6h,platt,,,,44757,0.911615488961105,,,,a_slope_on_logit_p
Sports,6h,platt,,,,44757,-0.03344987762565164,,,,b_intercept
Sports,6h,conformal_mondrian,,,,44757,0.75,,,0.05,q_hat
Sports,6h,conformal_mondrian,,,,44757,0.6799999999999999,,,0.1,q_hat
Sports,6h,conformal_mondrian,,,,44757,0.58,,,0.2,q_hat
Crypto,6h,binning10,0,0.05,0.09,1010,0.09207920792079208,0.07496208947028801,0.111615463026241,,recal_prob
Crypto,6h,binning10,1,0.09,0.12,893,0.13773796192609183,0.11579943557095082,0.16209688262878424,,recal_prob
Crypto,6h,binning10,2,0.12,0.16,1044,0.16187739463601533,0.14003322214283426,0.18564633482306567,,recal_prob
Crypto,6h,binning10,3,0.16,0.21,1026,0.18323586744639375,0.1600125919752893,0.20829196242543765,,recal_prob
Crypto,6h,binning10,4,0.21,0.29,1175,0.26468085106382977,0.23964531383028329,0.29089993434820843,,recal_prob
Crypto,6h,binning10,5,0.29,0.4,981,0.30784913353720694,0.2790667604022542,0.33778991506316647,,recal_prob
Crypto,6h,binning10,6,0.4,0.55,1033,0.4298160696999032,0.3993800108979825,0.4606531502255974,,recal_prob
Crypto,6h,binning10,7,0.55,0.71,1015,0.6137931034482759,0.5830528039649845,0.6438713417513893,,recal_prob
Crypto,6h,binning10,8,0.71,0.85,1014,0.7633136094674556,0.7359158459311547,0.7891731961941643,,recal_prob
Crypto,6h,binning10,9,0.85,0.95,1107,0.8861788617886179,0.865983608844617,0.9042936960835994,,recal_prob
Crypto,6h,platt,,,,10298,0.8895673455676789,,,,a_slope_on_logit_p
Crypto,6h,platt,,,,10298,-0.042686180956926265,,,,b_intercept
Crypto,6h,conformal_mondrian,,,,10298,0.84,,,0.05,q_hat
Crypto,6h,conformal_mondrian,,,,10298,0.75,,,0.1,q_hat
Crypto,6h,conformal_mondrian,,,,10298,0.55,,,0.2,q_hat
Politics,6h,binning10,0,0.05,0.1,201,0.03980099502487562,0.01733733505850657,0.07691494799260916,,recal_prob
Politics,6h,binning10,1,0.1,0.21,207,0.10628019323671498,0.06781396347412891,0.15648116939847637,,recal_prob
Politics,6h,binning10,2,0.21,0.3,184,0.20652173913043478,0.15048576602437017,0.2722654854705873,,recal_prob
Politics,6h,binning10,3,0.3,0.39,208,0.32211538461538464,0.25915926280156365,0.39022871627739486,,recal_prob
Politics,6h,binning10,4,0.39,0.51,208,0.41346153846153844,0.3457999846932557,0.4836261854481665,,recal_prob
Politics,6h,binning10,5,0.51,0.61,191,0.5445026178010471,0.4710389963061717,0.6165633836666196,,recal_prob
Politics,6h,binning10,6,0.61,0.69,217,0.6082949308755761,0.5399255419267308,0.6736625751542376,,recal_prob
Politics,6h,binning10,7,0.69,0.78,204,0.6813725490196079,0.6126824847591418,0.7446988322172416,,recal_prob
Politics,6h,binning10,8,0.78,0.87,208,0.8413461538461539,0.7844686817847936,0.8882034263994808,,recal_prob
Politics,6h,binning10,9,0.87,0.95,213,0.9107981220657277,0.8642059373605157,0.9454384246805907,,recal_prob
Politics,6h,platt,,,,2041,1.0936291098688231,,,,a_slope_on_logit_p
Politics,6h,platt,,,,2041,-0.14173731910032106,,,,b_intercept
Politics,6h,conformal_mondrian,,,,2041,0.76,,,0.05,q_hat
Politics,6h,conformal_mondrian,,,,2041,0.69,,,0.1,q_hat
Politics,6h,conformal_mondrian,,,,2041,0.57,,,0.2,q_hat
Finance,6h,binning10,0,0.05,0.07,1343,0.06552494415487714,0.052881172773550575,0.0801080224288148,,recal_prob
Finance,6h,binning10,1,0.07,0.11,1984,0.10685483870967742,0.0935977232062963,0.12128607731807232,,recal_prob
Finance,6h,binning10,2,0.11,0.15,1655,0.1583081570996979,0.1410374950931322,0.17679985136200446,,recal_prob
Finance,6h,binning10,3,0.15,0.19,1608,0.1921641791044776,0.17317125794789134,0.21228778692758057,,recal_prob
Finance,6h,binning10,4,0.19,0.24,1785,0.24705882352941178,0.2271993081931199,0.26775305312779846,,recal_prob
Finance,6h,binning10,5,0.24,0.3,1719,0.2675974403723095,0.2467898250755077,0.2892013099329444,,recal_prob
Finance,6h,binning10,6,0.3,0.38,1542,0.3450064850843061,0.3212695350148989,0.36933519425918526,,recal_prob
Finance,6h,binning10,7,0.38,0.56,1818,0.46534653465346537,0.4422146640183581,0.48859039994275344,,recal_prob
Finance,6h,binning10,8,0.56,0.79,1642,0.6833130328867235,0.6601954650180815,0.7057734171799195,,recal_prob
Finance,6h,binning10,9,0.79,0.95,1736,0.8692396313364056,0.8524670892147364,0.8847526452518703,,recal_prob
Finance,6h,platt,,,,16832,0.9228048682880226,,,,a_slope_on_logit_p
Finance,6h,platt,,,,16832,0.048035706741746585,,,,b_intercept
Finance,6h,conformal_mondrian,,,,16832,0.84,,,0.05,q_hat
Finance,6h,conformal_mondrian,,,,16832,0.75,,,0.1,q_hat
Finance,6h,conformal_mondrian,,,,16832,0.56,,,0.2,q_hat
Weather,6h,binning10,0,0.05,0.06,423,0.02364066193853428,0.011393499778928201,0.04304533051429272,,recal_prob
Weather,6h,binning10,1,0.06,0.08,433,0.046189376443418015,0.028438583549792663,0.07043650594159735,,recal_prob
Weather,6h,binning10,2,0.08,0.12,611,0.06710310965630115,0.04858118244355831,0.08993461085483341,,recal_prob
Weather,6h,binning10,3,0.12,0.18,527,0.11764705882352941,0.09139935427522039,0.14827061547849385,,recal_prob
Weather,6h,binning10,4,0.18,0.26,501,0.18163672654690619,0.14884066694086467,0.21824188855852583,,recal_prob
Weather,6h,binning10,5,0.26,0.39,521,0.32053742802303264,0.2806210633073965,0.36250450946439067,,recal_prob
Weather,6h,binning10,6,0.39,0.51,488,0.5225409836065574,0.47717814587800006,0.5676291634362315,,recal_prob
Weather,6h,binning10,7,0.51,0.69,514,0.6264591439688716,0.5830350700006356,0.6684198029867624,,recal_prob
Weather,6h,binning10,8,0.69,0.89,502,0.798804780876494,0.7610232453461412,0.8330234113846221,,recal_prob
Weather,6h,binning10,9,0.89,0.95,533,0.9437148217636022,0.9206216012111382,0.9617061234449199,,recal_prob
Weather,6h,platt,,,,5053,1.1500474309063573,,,,a_slope_on_logit_p
Weather,6h,platt,,,,5053,0.0726160676766592,,,,b_intercept
Weather,6h,conformal_mondrian,,,,5053,0.78,,,0.05,q_hat
Weather,6h,conformal_mondrian,,,,5053,0.65,,,0.1,q_hat
Weather,6h,conformal_mondrian,,,,5053,0.5,,,0.2,q_hat
Entertainment,6h,binning10,0,0.05,0.06,192,0.036458333333333336,0.014781600487806926,0.07367263592618675,,recal_prob
Entertainment,6h,binning10,1,0.06,0.08200000000000046,315,0.0380952380952381,0.019836622260122363,0.06559869308203231,,recal_prob
Entertainment,6h,binning10,2,0.08200000000000046,0.12,207,0.09178743961352658,0.05616954675076694,0.1396250007983249,,recal_prob
Entertainment,6h,binning10,3,0.12,0.2,279,0.12544802867383512,0.08895684056327903,0.17012873688600036,,recal_prob
Entertainment,6h,binning10,4,0.2,0.31,259,0.20077220077220076,0.15373344277436524,0.2548017717265415,,recal_prob
Entertainment,6h,binning10,5,0.31,0.5,254,0.3110236220472441,0.2546325748882911,0.3718892126044749,,recal_prob
Entertainment,6h,binning10,6,0.5,0.71,263,0.5171102661596958,0.45491903895596125,0.5789116178780453,,recal_prob
Entertainment,6h,binning10,7,0.71,0.85,227,0.7929515418502202,0.734357123242591,0.8437225488971101,,recal_prob
Entertainment,6h,binning10,8,0.85,0.92,245,0.8938775510204081,0.848380578523396,0.9294969540716144,,recal_prob
Entertainment,6h,binning10,9,0.92,0.95,291,0.9450171821305842,0.9122453077601661,0.9682495688374171,,recal_prob
Entertainment,6h,platt,,,,2532,1.0832334686530052,,,,a_slope_on_logit_p
Entertainment,6h,platt,,,,2532,-0.20016563412742785,,,,b_intercept
Entertainment,6h,conformal_mondrian,,,,2532,0.82,,,0.05,q_hat
Entertainment,6h,conformal_mondrian,,,,2532,0.65,,,0.1,q_hat
Entertainment,6h,conformal_mondrian,,,,2532,0.42000000000000004,,,0.2,q_hat
Sports,24h,binning10,0,0.05,0.12,2350,0.06765957446808511,0.05783609367901798,0.07857658839436099,,recal_prob
Sports,24h,binning10,1,0.12,0.21,2718,0.14827078734363502,0.13511112290595634,0.1621927189407025,,recal_prob
Sports,24h,binning10,2,0.21,0.27,2136,0.23174157303370788,0.2139914352947347,0.2502307280674548,,recal_prob
Sports,24h,binning10,3,0.27,0.34,2649,0.2853907134767837,0.2682494790572106,0.3030074446817222,,recal_prob
Sports,24h,binning10,4,0.34,0.42,2761,0.3831944947482796,0.36501107669478594,0.401625901564451,,recal_prob
Sports,24h,binning10,5,0.42,0.48,2598,0.4472671285604311,0.4280240354476201,0.46662921102000116,,recal_prob
Sports,24h,binning10,6,0.48,0.53,2480,0.49233870967741933,0.47247978575840077,0.5122157472494762,,recal_prob
Sports,24h,binning10,7,0.53,0.6,2424,0.5272277227722773,0.5071236779212438,0.5472658953297309,,recal_prob
Sports,24h,binning10,8,0.6,0.73,2811,0.6374955531839203,0.6194107678135913,0.6552936041916466,,recal_prob
Sports,24h,binning10,9,0.73,0.95,2549,0.7948214986269125,0.7786137603594989,0.810349061053767,,recal_prob
Sports,24h,platt,,,,25476,0.9775133356931232,,,,a_slope_on_logit_p
Sports,24h,platt,,,,25476,-0.06752764603064788,,,,b_intercept
Sports,24h,conformal_mondrian,,,,25476,0.75,,,0.05,q_hat
Sports,24h,conformal_mondrian,,,,25476,0.6799999999999999,,,0.1,q_hat
Sports,24h,conformal_mondrian,,,,25476,0.57,,,0.2,q_hat
Crypto,24h,binning10,0,0.05,0.11,215,0.13953488372093023,0.09616452166251728,0.19316578277689506,,recal_prob
Crypto,24h,binning10,1,0.11,0.15,224,0.23214285714285715,0.17850205338023215,0.2930199376549626,,recal_prob
Crypto,24h,binning10,2,0.15,0.22,211,0.1943127962085308,0.14319868999641353,0.25423213860434685,,recal_prob
Crypto,24h,binning10,3,0.22,0.34,228,0.30701754385964913,0.24781737710428903,0.37131746198524296,,recal_prob
Crypto,24h,binning10,4,0.34,0.45,194,0.37628865979381443,0.3079090653707734,0.44851156432949535,,recal_prob
Crypto,24h,binning10,5,0.45,0.54,243,0.4567901234567901,0.39296934989532606,0.5216778168524578,,recal_prob
Crypto,24h,binning10,6,0.54,0.65,220,0.5772727272727273,0.5090507186464928,0.6433835716237799,,recal_prob
Crypto,24h,binning10,7,0.65,0.77,206,0.6844660194174758,0.6162499949861775,0.7472799309073496,,recal_prob
Crypto,24h,binning10,8,0.77,0.87,222,0.7747747747747747,0.7140839631187972,0.8279705139208684,,recal_prob
Crypto,24h,binning10,9,0.87,0.95,233,0.8669527896995708,0.8164945384745559,0.9077788807346299,,recal_prob
Crypto,24h,platt,,,,2196,0.7718655389118794,,,,a_slope_on_logit_p
Crypto,24h,platt,,,,2196,-0.0026074077885823747,,,,b_intercept
Crypto,24h,conformal_mondrian,,,,2196,0.86,,,0.05,q_hat
Crypto,24h,conformal_mondrian,,,,2196,0.76,,,0.1,q_hat
Crypto,24h,conformal_mondrian,,,,2196,0.58,,,0.2,q_hat
Politics,24h,binning10,0,0.05,0.09,174,0.05172413793103448,0.02392125994913437,0.09591533921034197,,recal_prob
Politics,24h,binning10,1,0.09,0.2,224,0.10267857142857142,0.06621052477417877,0.15007880224549303,,recal_prob
Politics,24h,binning10,2,0.2,0.3,192,0.20833333333333334,0.15320389068182996,0.2726995222983187,,recal_prob
Politics,24h,binning10,3,0.3,0.4,222,0.36036036036036034,0.2972023247729453,0.4273031949109936,,recal_prob
Politics,24h,binning10,4,0.4,0.5,192,0.4322916666666667,0.36115115260520425,0.5055557690812623,,recal_prob
Politics,24h,binning10,5,0.5,0.6,216,0.5370370370370371,0.46811180270472236,0.6049317779397182,,recal_prob
Politics,24h,binning10,6,0.6,0.68,210,0.5619047619047619,0.4919472953176489,0.6300895272452645,,recal_prob
Politics,24h,binning10,7,0.68,0.76,201,0.5671641791044776,0.49561745594892875,0.6367000707549142,,recal_prob
Politics,24h,binning10,8,0.76,0.86,201,0.7761194029850746,0.712138687376652,0.8317656862529857,,recal_prob
Politics,24h,binning10,9,0.86,0.95,219,0.9269406392694064,0.8840661744897862,0.9576658264869228,,recal_prob
Politics,24h,platt,,,,2051,0.9813956232734904,,,,a_slope_on_logit_p
Politics,24h,platt,,,,2051,-0.17386439135369225,,,,b_intercept
Politics,24h,conformal_mondrian,,,,2051,0.77,,,0.05,q_hat
Politics,24h,conformal_mondrian,,,,2051,0.69,,,0.1,q_hat
Politics,24h,conformal_mondrian,,,,2051,0.5900000000000001,,,0.2,q_hat
Finance,24h,binning10,0,0.05,0.06,305,0.08196721311475409,0.05374623786744962,0.11862228022641717,,recal_prob
Finance,24h,binning10,1,0.06,0.09,712,0.07443820224719101,0.05625345116284118,0.09623883701587657,,recal_prob
Finance,24h,binning10,2,0.09,0.11,526,0.13878326996197718,0.11038657527077703,0.17131012163594772,,recal_prob
Finance,24h,binning10,3,0.11,0.14,650,0.14307692307692307,0.11705996545052327,0.1723836047640554,,recal_prob
Finance,24h,binning10,4,0.14,0.17,467,0.14346895074946467,0.11294731171873146,0.17858899290344052,,recal_prob
Finance,24h,binning10,5,0.17,0.22,639,0.16118935837245696,0.13351583923759625,0.19203486957425708,,recal_prob
Finance,24h,binning10,6,0.22,0.3,568,0.2640845070422535,0.2282569141123355,0.3023864248688956,,recal_prob
Finance,24h,binning10,7,0.3,0.49,608,0.3684210526315789,0.3299755626079876,0.40815143034100076,,recal_prob
Finance,24h,binning10,8,0.49,0.79,554,0.6371841155234657,0.5955962273353312,0.6773001255613507,,recal_prob
Finance,24h,binning10,9,0.79,0.95,569,0.8892794376098418,0.8605698735694958,0.9138639331901158,,recal_prob
Finance,24h,platt,,,,5598,0.9485638930464719,,,,a_slope_on_logit_p
Finance,24h,platt,,,,5598,0.0017716968938401466,,,,b_intercept
Finance,24h,conformal_mondrian,,,,5598,0.86,,,0.05,q_hat
Finance,24h,conformal_mondrian,,,,5598,0.76,,,0.1,q_hat
Finance,24h,conformal_mondrian,,,,5598,0.47,,,0.2,q_hat
Weather,24h,binning10,0,0.05,0.07,1546,0.04333764553686934,0.03374119882489834,0.05471316367513165,,recal_prob
Weather,24h,binning10,1,0.07,0.11,2351,0.06763079540621013,0.0578113694550826,0.07854336196028276,,recal_prob
Weather,24h,binning10,2,0.11,0.16,2483,0.11639146194120016,0.1040341120539409,0.1296613612740324,,recal_prob
Weather,24h,binning10,3,0.16,0.21,2159,0.1667438628994905,0.15124971463919562,0.18314823463486518,,recal_prob
Weather,24h,binning10,4,0.21,0.26,2009,0.21204579392732703,0.19435325526161626,0.23058263263519607,,recal_prob
Weather,24h,binning10,5,0.26,0.32,2397,0.25114726741760535,0.2338901298264287,0.26901452162295114,,recal_prob
Weather,24h,binning10,6,0.32,0.37,2198,0.3343949044585987,0.3146761298494844,0.35455615697899545,,recal_prob
Weather,24h,binning10,7,0.37,0.43,2213,0.3904202440126525,0.37002534964791345,0.4111057830694684,,recal_prob
Weather,24h,binning10,8,0.43,0.51,2032,0.4655511811023622,0.44367994016463475,0.48752195516491365,,recal_prob
Weather,24h,binning10,9,0.51,0.95,2312,0.6362456747404844,0.616256881533974,0.6558885992326349,,recal_prob
Weather,24h,platt,,,,21700,1.0795191865011122,,,,a_slope_on_logit_p
Weather,24h,platt,,,,21700,-0.006027109001644492,,,,b_intercept
Weather,24h,conformal_mondrian,,,,21700,0.77,,,0.05,q_hat
Weather,24h,conformal_mondrian,,,,21700,0.6799999999999999,,,0.1,q_hat
Weather,24h,conformal_mondrian,,,,21700,0.55,,,0.2,q_hat
Entertainment,24h,binning10,0,0.05,0.07,250,0.036,0.01659128292578173,0.06723690845885114,,recal_prob
Entertainment,24h,binning10,1,0.07,0.11,321,0.08411214953271028,0.056161562016806416,0.12001940191028476,,recal_prob
Entertainment,24h,binning10,2,0.11,0.18,324,0.12345679012345678,0.08968289493137462,0.16430021394711541,,recal_prob
Entertainment,24h,binning10,3,0.18,0.27,332,0.1927710843373494,0.15173959196336056,0.2393816050194881,,recal_prob
Entertainment,24h,binning10,4,0.27,0.375,316,0.25316455696202533,0.206153191051912,0.3048700080435536,,recal_prob
Entertainment,24h,binning10,5,0.375,0.54,297,0.3602693602693603,0.3056248855051479,0.4177328054336689,,recal_prob
Entertainment,24h,binning10,6,0.54,0.7,315,0.5714285714285714,0.5147354811505397,0.6267655823041127,,recal_prob
Entertainment,24h,binning10,7,0.7,0.84,310,0.7677419354838709,0.7166821004003536,0.8136037759152406,,recal_prob
Entertainment,24h,binning10,8,0.84,0.91,294,0.8367346938775511,0.7894281861358294,0.8771004315070484,,recal_prob
Entertainment,24h,binning10,9,0.91,0.95,327,0.9174311926605505,0.8821399555837183,0.9448825111845658,,recal_prob
Entertainment,24h,platt,,,,3086,0.997486290437348,,,,a_slope_on_logit_p
Entertainment,24h,platt,,,,3086,-0.21800337989559648,,,,b_intercept
Entertainment,24h,conformal_mondrian,,,,3086,0.83,,,0.05,q_hat
Entertainment,24h,conformal_mondrian,,,,3086,0.7,,,0.1,q_hat
Entertainment,24h,conformal_mondrian,,,,3086,0.5,,,0.2,q_hat
Sports,1w,binning10,0,0.05,0.09,272,0.007352941176470588,0.0008917190234821361,0.02630747082654131,,recal_prob
Sports,1w,binning10,1,0.09,0.18,376,0.10106382978723404,0.07251590017023622,0.1360741673095757,,recal_prob
Sports,1w,binning10,2,0.18,0.25,293,0.17747440273037543,0.13547893266121647,0.22613044101122864,,recal_prob
Sports,1w,binning10,3,0.25,0.33,342,0.21637426900584794,0.17389316403101152,0.2638437920536064,,recal_prob
Sports,1w,binning10,4,0.33,0.43,324,0.31790123456790126,0.2675245762893886,0.3716451890590663,,recal_prob
Sports,1w,binning10,5,0.43,0.51,304,0.4144736842105263,0.3585252314119329,0.47210569193067137,,recal_prob
Sports,1w,binning10,6,0.51,0.6,332,0.5421686746987951,0.4868985701776786,0.5966798989890314,,recal_prob
Sports,1w,binning10,7,0.6,0.72,348,0.6695402298850575,0.6173971354005582,0.7187684462938884,,recal_prob
Sports,1w,binning10,8,0.72,0.84,317,0.7791798107255521,0.7294353915891023,0.8236218405046265,,recal_prob
Sports,1w,binning10,9,0.84,0.95,334,0.8892215568862275,0.850549340164503,0.9207924232152929,,recal_prob
Sports,1w,platt,,,,3242,1.1487408703967799,,,,a_slope_on_logit_p
Sports,1w,platt,,,,3242,-0.14392753163891106,,,,b_intercept
Sports,1w,conformal_mondrian,,,,3242,0.77,,,0.05,q_hat
Sports,1w,conformal_mondrian,,,,3242,0.6699999999999999,,,0.1,q_hat
Sports,1w,conformal_mondrian,,,,3242,0.53,,,0.2,q_hat
Politics,1w,binning10,0,0.05,0.08,96,0.07291666666666667,0.029817842321782216,0.14447970722569897,,recal_prob
Politics,1w,binning10,1,0.08,0.15,129,0.10852713178294573,0.06061721950439303,0.17538332349961672,,recal_prob
Politics,1w,binning10,2,0.15,0.22,111,0.13513513513513514,0.07765076345833435,0.21307350895893953,,recal_prob
Politics,1w,binning10,3,0.22,0.31,116,0.3017241379310345,0.21997972126701718,0.39388574934867226,,recal_prob
Politics,1w,binning10,4,0.31,0.45,117,0.4188034188034188,0.328248673196318,0.5135696470121833,,recal_prob
Politics,1w,binning10,5,0.45,0.5960000000000013,122,0.5327868852459017,0.4403083572193871,0.6236365655077942,,recal_prob
Politics,1w,binning10,6,0.5960000000000013,0.7,111,0.5675675675675675,0.47015632009064795,0.6612826884729648,,recal_prob
Politics,1w,binning10,7,0.7,0.78,113,0.5929203539823009,0.49647264700548044,0.6843740416228516,,recal_prob
Politics,1w,binning10,8,0.78,0.88,120,0.825,0.7450199724342716,0.8882856569062535,,recal_prob
Politics,1w,binning10,9,0.88,0.95,117,0.8803418803418803,0.8073888830726887,0.9330130580232784,,recal_prob
Politics,1w,platt,,,,1152,0.8706743413775425,,,,a_slope_on_logit_p
Politics,1w,platt,,,,1152,-0.11915664951476494,,,,b_intercept
Politics,1w,conformal_mondrian,,,,1152,0.8,,,0.05,q_hat
Politics,1w,conformal_mondrian,,,,1152,0.73,,,0.1,q_hat
Politics,1w,conformal_mondrian,,,,1152,0.6,,,0.2,q_hat
Finance,1w,binning10,0,0.05,0.08,159,0.031446540880503145,0.010287924249414333,0.07185738193211107,,recal_prob
Finance,1w,binning10,1,0.08,0.13,173,0.07514450867052024,0.040616487936932524,0.12507152128596924,,recal_prob
Finance,1w,binning10,2,0.13,0.2,161,0.14906832298136646,0.09790599159240113,0.21363516760478773,,recal_prob
Finance,1w,binning10,3,0.2,0.3,165,0.2606060606060606,0.19546664382603327,0.3345555653774477,,recal_prob
Finance,1w,binning10,4,0.3,0.45,183,0.36065573770491804,0.29112931139586734,0.43477733014005027,,recal_prob
Finance,1w,binning10,5,0.45,0.61,170,0.48823529411764705,0.4109443822230759,0.5659435229735537,,recal_prob
Finance,1w,binning10,6,0.61,0.75,168,0.6130952380952381,0.5350025165070897,0.6871227732344165,,recal_prob
Finance,1w,binning10,7,0.75,0.86,176,0.7840909090909091,0.7159081958200888,0.8424495618024045,,recal_prob
Finance,1w,binning10,8,0.86,0.92,170,0.8823529411764706,0.8241640346776163,0.9266371279780917,,recal_prob
Finance,1w,binning10,9,0.92,0.95,172,0.9767441860465116,0.9415288555297456,0.9936280478655395,,recal_prob
Finance,1w,platt,,,,1697,1.0553176413419276,,,,a_slope_on_logit_p
Finance,1w,platt,,,,1697,-0.07897337243776449,,,,b_intercept
Finance,1w,conformal_mondrian,,,,1697,0.8,,,0.05,q_hat
Finance,1w,conformal_mondrian,,,,1697,0.7,,,0.1,q_hat
Finance,1w,conformal_mondrian,,,,1697,0.51,,,0.2,q_hat
Weather,1w,binning10,0,0.05,0.06,23,0.0,0.0,0.14818512891522437,,recal_prob
Weather,1w,binning10,1,0.06,0.08,27,0.1111111111111111,0.02352745438085398,0.291586924273552,,recal_prob
Weather,1w,binning10,2,0.08,0.13,38,0.13157894736842105,0.04413744005791443,0.2808638458837533,,recal_prob
Weather,1w,binning10,3,0.13,0.19,29,0.1724137931034483,0.0584560829726344,0.357747554414644,,recal_prob
Weather,1w,binning10,4,0.19,0.25,29,0.3103448275862069,0.15284593960863155,0.50832335380999,,recal_prob
Weather,1w,binning10,5,0.25,0.37,32,0.46875,0.2909398229060152,0.6525631907136071,,recal_prob
Weather,1w,binning10,6,0.37,0.56,29,0.6206896551724138,0.4226046406644011,0.7931313005134929,,recal_prob
Weather,1w,binning10,7,0.56,0.71,30,0.7,0.5060409585374464,0.8526548152452988,,recal_prob
Weather,1w,binning10,8,0.71,0.8460000000000002,31,0.7096774193548387,0.5196393417710907,0.857771470902475,,recal_prob
Weather,1w,binning10,9,0.8460000000000002,0.95,30,0.9666666666666667,0.8278305443665873,0.9991564290733695,,recal_prob
Weather,1w,platt,,,,298,0.9848987667082441,,,,a_slope_on_logit_p
Weather,1w,platt,,,,298,0.36898200206015846,,,,b_intercept
Weather,1w,conformal_mondrian,,,,298,0.83,,,0.05,q_hat
Weather,1w,conformal_mondrian,,,,298,0.76,,,0.1,q_hat
Weather,1w,conformal_mondrian,,,,298,0.5800000000000001,,,0.2,q_hat
Entertainment,1w,binning10,0,0.05,0.07,150,0.04,0.014818521114898012,0.08502781471819877,,recal_prob
Entertainment,1w,binning10,1,0.07,0.12,202,0.04455445544554455,0.02057264300767904,0.0828907734164035,,recal_prob
Entertainment,1w,binning10,2,0.12,0.2,213,0.107981220657277,0.06969334627981247,0.15761074816735512,,recal_prob
Entertainment,1w,binning10,3,0.2,0.3,180,0.16666666666666666,0.11536398484624556,0.2292982198901109,,recal_prob
Entertainment,1w,binning10,4,0.3,0.43,203,0.2955665024630542,0.23374292239134256,0.36347200097667215,,recal_prob
Entertainment,1w,binning10,5,0.43,0.56,189,0.4497354497354497,0.37745868512870084,0.5236137967396257,,recal_prob
Entertainment,1w,binning10,6,0.56,0.69,192,0.5104166666666666,0.4374232234954792,0.5830835349662822,,recal_prob
Entertainment,1w,binning10,7,0.69,0.81,189,0.7142857142857143,0.6442077983563874,0.7775050401507996,,recal_prob
Entertainment,1w,binning10,8,0.81,0.9,179,0.8379888268156425,0.7756837724720131,0.8887334718220843,,recal_prob
Entertainment,1w,binning10,9,0.9,0.95,205,0.9463414634146341,0.9060199183488774,0.9729128141127309,,recal_prob
Entertainment,1w,platt,,,,1902,1.122881108184048,,,,a_slope_on_logit_p
Entertainment,1w,platt,,,,1902,-0.28068411002668653,,,,b_intercept
Entertainment,1w,conformal_mondrian,,,,1902,0.79,,,0.05,q_hat
Entertainment,1w,conformal_mondrian,,,,1902,0.67,,,0.1,q_hat
Entertainment,1w,conformal_mondrian,,,,1902,0.51,,,0.2,q_hat
Sports,1mo,binning10,0,0.05,0.07,49,0.04081632653061224,0.0049818418349712994,0.1397871870224638,,recal_prob
Sports,1mo,binning10,1,0.07,0.1,58,0.034482758620689655,0.004203647239867673,0.11907731088039213,,recal_prob
Sports,1mo,binning10,2,0.1,0.15,69,0.10144927536231885,0.04177087817693835,0.1979184823514123,,recal_prob
Sports,1mo,binning10,3,0.15,0.22,74,0.10810810810810811,0.04784399039492812,0.201950136231846,,recal_prob
Sports,1mo,binning10,4,0.22,0.3,59,0.15254237288135594,0.07220242793998194,0.26991959181236463,,recal_prob
Sports,1mo,binning10,5,0.3,0.42,60,0.4166666666666667,0.29068066647042273,0.551162202245988,,recal_prob
Sports,1mo,binning10,6,0.42,0.56,68,0.47058823529411764,0.34831196628863115,0.595508077633579,,recal_prob
Sports,1mo,binning10,7,0.56,0.7540000000000003,66,0.6666666666666666,0.5398613431497497,0.7779692372780055,,recal_prob
Sports,1mo,binning10,8,0.7540000000000003,0.87,56,0.9285714285714286,0.8270953018606302,0.9801960684911702,,recal_prob
Sports,1mo,binning10,9,0.87,0.95,70,0.9571428571428572,0.8798213946734135,0.991073095922341,,recal_prob
Sports,1mo,platt,,,,629,1.3016296195721777,,,,a_slope_on_logit_p
Sports,1mo,platt,,,,629,0.09713575570416956,,,,b_intercept
Sports,1mo,conformal_mondrian,,,,629,0.76,,,0.05,q_hat
Sports,1mo,conformal_mondrian,,,,629,0.62,,,0.1,q_hat
Sports,1mo,conformal_mondrian,,,,629,0.48,,,0.2,q_hat
Politics,1mo,binning10,0,0.05,0.07,63,0.031746031746031744,0.0038679824964188013,0.11001937340888032,,recal_prob
Politics,1mo,binning10,1,0.07,0.11400000000000006,78,0.0641025641025641,0.02113972041146138,0.1432875961068856,,recal_prob
Politics,1mo,binning10,2,0.11400000000000006,0.18,69,0.14492753623188406,0.07174913989206376,0.2504199467162967,,recal_prob
Politics,1mo,binning10,3,0.18,0.26,65,0.3230769230769231,0.21232760693939293,0.4505495670997733,,recal_prob
Politics,1mo,binning10,4,0.26,0.38,72,0.3194444444444444,0.21441793608731272,0.43985843652853385,,recal_prob
Politics,1mo,binning10,5,0.38,0.57,71,0.4788732394366197,0.3587791864655684,0.6007848322388705,,recal_prob
Politics,1mo,binning10,6,0.57,0.72,69,0.7101449275362319,0.5884248805417939,0.8131280501943902,,recal_prob
Politics,1mo,binning10,7,0.72,0.83,70,0.7857142857142857,0.6713148547210506,0.874816428507753,,recal_prob
Politics,1mo,binning10,8,0.83,0.89,66,0.9090909090909091,0.8125573488135268,0.9659028672287315,,recal_prob
Politics,1mo,binning10,9,0.89,0.95,80,0.975,0.9125928440694078,0.9969579138351904,,recal_prob
Politics,1mo,platt,,,,703,1.1198174507452878,,,,a_slope_on_logit_p
Politics,1mo,platt,,,,703,0.2065151692590187,,,,b_intercept
Politics,1mo,conformal_mondrian,,,,703,0.8,,,0.05,q_hat
Politics,1mo,conformal_mondrian,,,,703,0.7,,,0.1,q_hat
Politics,1mo,conformal_mondrian,,,,703,0.48,,,0.2,q_hat
Finance,1mo,binning10,0,0.05,0.08,93,0.06451612903225806,0.024042287414252888,0.1351504163967773,,recal_prob
Finance,1mo,binning10,1,0.08,0.15,157,0.07006369426751592,0.03549229465312937,0.12190397413717524,,recal_prob
Finance,1mo,binning10,2,0.15,0.23,128,0.1171875,0.06709408188187789,0.1859089016919275,,recal_prob
Finance,1mo,binning10,3,0.23,0.34,128,0.2578125,0.18458273536401337,0.3425864177716734,,recal_prob
Finance,1mo,binning10,4,0.34,0.47,121,0.3884297520661157,0.3011894641398221,0.4812664876120281,,recal_prob
Finance,1mo,binning10,5,0.47,0.63,130,0.5384615384615384,0.4488993549492629,0.6262321883081182,,recal_prob
Finance,1mo,binning10,6,0.63,0.75,130,0.6615384615384615,0.5733696166831215,0.7421617493295288,,recal_prob
Finance,1mo,binning10,7,0.75,0.85,126,0.7698412698412699,0.6864636264645023,0.8401182832166332,,recal_prob
Finance,1mo,binning10,8,0.85,0.91,122,0.9016393442622951,0.8344866131622102,0.9481350070324889,,recal_prob
Finance,1mo,binning10,9,0.91,0.95,136,0.9852941176470589,0.947887976635312,0.9982140611867167,,recal_prob
Finance,1mo,platt,,,,1271,1.1368184721917876,,,,a_slope_on_logit_p
Finance,1mo,platt,,,,1271,-0.07145596067430011,,,,b_intercept
Finance,1mo,conformal_mondrian,,,,1271,0.77,,,0.05,q_hat
Finance,1mo,conformal_mondrian,,,,1271,0.68,,,0.1,q_hat
Finance,1mo,conformal_mondrian,,,,1271,0.5,,,0.2,q_hat
Weather,1mo,binning10,0,0.05,0.11,27,0.0,0.0,0.12770286761543234,,recal_prob
Weather,1mo,binning10,1,0.11,0.19,38,0.07894736842105263,0.016586475864529524,0.21377329118061816,,recal_prob
Weather,1mo,binning10,2,0.19,0.26400000000000023,34,0.29411764705882354,0.15098366442302852,0.47478106034048584,,recal_prob
Weather,1mo,binning10,3,0.26400000000000023,0.35200000000000015,33,0.36363636363636365,0.20400307445511998,0.5487546447826517,,recal_prob
Weather,1mo,binning10,4,0.35200000000000015,0.44,32,0.34375,0.18571909171656614,0.5319310362802687,,recal_prob
Weather,1mo,binning10,5,0.44,0.52,29,0.4482758620689655,0.2644553037067049,0.6430612891960847,,recal_prob
Weather,1mo,binning10,6,0.52,0.63,35,0.5428571428571428,0.3664580171214521,0.711728556209243,,recal_prob
Weather,1mo,binning10,7,0.63,0.7540000000000003,35,0.7142857142857143,0.5369553554455799,0.8536452547209407,,recal_prob
Weather,1mo,binning10,8,0.7540000000000003,0.85,29,0.8275862068965517,0.6422524455853559,0.9415439170273656,,recal_prob
Weather,1mo,binning10,9,0.85,0.95,37,0.8378378378378378,0.6798629241323288,0.9380742786666036,,recal_prob
Weather,1mo,platt,,,,329,1.0568019280812142,,,,a_slope_on_logit_p
Weather,1mo,platt,,,,329,-0.05811893125815555,,,,b_intercept
Weather,1mo,conformal_mondrian,,,,329,0.79,,,0.05,q_hat
Weather,1mo,conformal_mondrian,,,,329,0.6799999999999999,,,0.1,q_hat
Weather,1mo,conformal_mondrian,,,,329,0.56,,,0.2,q_hat
Entertainment,1mo,binning10,0,0.05,0.07,83,0.03614457831325301,0.007516820235196637,0.10201488233576192,,recal_prob
Entertainment,1mo,binning10,1,0.07,0.12,122,0.06557377049180328,0.02873293401630507,0.12512024197236887,,recal_prob
Entertainment,1mo,binning10,2,0.12,0.18,101,0.09900990099009901,0.04850875612040665,0.17455282607711903,,recal_prob
Entertainment,1mo,binning10,3,0.18,0.27,105,0.18095238095238095,0.11260504860360385,0.2680670299396932,,recal_prob
Entertainment,1mo,binning10,4,0.27,0.37,100,0.2,0.12665555210195586,0.2918426890886281,,recal_prob
Entertainment,1mo,binning10,5,0.37,0.53,102,0.37254901960784315,0.2788248443764132,0.4738809409784948,,recal_prob
Entertainment,1mo,binning10,6,0.53,0.65,103,0.4854368932038835,0.38575196930459527,0.5859808673069975,,recal_prob
Entertainment,1mo,binning10,7,0.65,0.7540000000000009,107,0.6635514018691588,0.5657619564129629,0.752028749019567,,recal_prob
Entertainment,1mo,binning10,8,0.7540000000000009,0.87,90,0.7333333333333333,0.629677612888233,0.8210810388642383,,recal_prob
Entertainment,1mo,binning10,9,0.87,0.95,116,0.9655172413793104,0.9140616899420437,0.9905261349068238,,recal_prob
Entertainment,1mo,platt,,,,1029,1.1169673439949064,,,,a_slope_on_logit_p
Entertainment,1mo,platt,,,,1029,-0.29068844544457806,,,,b_intercept
Entertainment,1mo,conformal_mondrian,,,,1029,0.79,,,0.05,q_hat
Entertainment,1mo,conformal_mondrian,,,,1029,0.69,,,0.1,q_hat
Entertainment,1mo,conformal_mondrian,,,,1029,0.52,,,0.2,q_hat
