domain,time_bin,size_bin,n_ours,slope_ours,slope_le,delta
Crypto,0-1h,Single,624783,1.0363390412089286,1.0363390412089286,0.0
Crypto,0-1h,Small,1447956,1.0202186812183636,1.0202186812183636,0.0
Crypto,0-1h,Medium,1960893,1.013146958066813,1.013146958066813,0.0
Crypto,0-1h,Large,1004894,0.9888836398287421,0.9888836398287418,2.220446049250313e-16
Crypto,1-3h,Single,8560,0.9166656446931366,0.9166656446931366,0.0
Crypto,1-3h,Small,26148,1.1001768542038948,1.1001768542038948,0.0
Crypto,1-3h,Medium,73394,0.9993656174736542,0.999365617473654,1.1102230246251565e-16
Crypto,1-3h,Large,65347,1.013840367023093,1.013840367023093,0.0
Crypto,3-6h,Single,6673,1.019903261971214,1.019903261971214,0.0
Crypto,3-6h,Small,23987,1.085916852833237,1.085916852833237,0.0
Crypto,3-6h,Medium,69369,1.0505262039994179,1.050526203999418,-2.220446049250313e-16
Crypto,3-6h,Large,57624,1.0664977294777094,1.0664977294777094,0.0
Crypto,6-12h,Single,6161,0.9068638948609903,0.9068638948609904,-1.1102230246251565e-16
Crypto,6-12h,Small,21324,0.8826517771166271,0.882651777116627,1.1102230246251565e-16
Crypto,6-12h,Medium,57215,0.9838017388403565,0.9838017388403564,1.1102230246251565e-16
Crypto,6-12h,Large,47177,1.0104099479822315,1.0104099479822315,0.0
Crypto,12-24h,Single,9108,0.8275580413441017,0.8275580413441017,0.0
Crypto,12-24h,Small,28172,0.9433537069039948,0.9433537069039948,0.0
Crypto,12-24h,Medium,64429,1.022718142705081,1.0227181427050809,2.220446049250313e-16
Crypto,12-24h,Large,34973,1.0026836771526713,1.0026836771526713,0.0
Crypto,24-48h,Single,2678,0.8834246856723748,0.8834246856723746,1.1102230246251565e-16
Crypto,24-48h,Small,6651,1.172518548544023,1.172518548544023,0.0
Crypto,24-48h,Medium,10366,1.2651909006886153,1.2651909006886155,-2.220446049250313e-16
Crypto,24-48h,Large,5726,1.2036975624195343,1.2036975624195343,0.0
Crypto,2d-1w,Single,5297,0.9027144857161369,0.9027144857161368,1.1102230246251565e-16
Crypto,2d-1w,Small,14493,0.8841077587776034,0.8841077587776034,0.0
Crypto,2d-1w,Medium,27122,1.0559247313229791,1.0559247313229794,-2.220446049250313e-16
Crypto,2d-1w,Large,13465,1.1466270922569914,1.1466270922569912,2.220446049250313e-16
Crypto,1w-1mo,Single,7315,1.010614660632246,1.010614660632246,0.0
Crypto,1w-1mo,Small,25056,0.8592545070013748,0.8592545070013746,2.220446049250313e-16
Crypto,1w-1mo,Medium,38323,0.9795970744074379,0.9795970744074378,1.1102230246251565e-16
Crypto,1w-1mo,Large,18912,1.1051798682532525,1.1051798682532523,2.220446049250313e-16
Crypto,1mo+,Single,16584,1.678662511586835,1.678662511586835,0.0
Crypto,1mo+,Small,39791,1.7760484012126432,1.7760484012126432,0.0
Crypto,1mo+,Medium,42123,1.5184605332228271,1.5184605332228271,0.0
Crypto,1mo+,Large,18767,1.3416611554830415,1.3416611554830415,0.0
Entertainment,0-1h,Single,2049,0.8517486456155992,0.8517486456155992,0.0
Entertainment,0-1h,Small,7308,0.9798509390482477,0.9798509390482478,-1.1102230246251565e-16
Entertainment,0-1h,Medium,15097,0.8881724743227705,0.8881724743227704,1.1102230246251565e-16
Entertainment,0-1h,Large,7014,0.797366707612982,0.7973667076129821,-1.1102230246251565e-16
Entertainment,1-3h,Single,3151,0.9526705111600817,0.9526705111600818,-1.1102230246251565e-16
Entertainment,1-3h,Small,12313,1.109417709069086,1.109417709069086,0.0
Entertainment,1-3h,Medium,23451,1.023265731224822,1.023265731224822,0.0
Entertainment,1-3h,Large,8652,1.0161783254176169,1.0161783254176169,0.0
Entertainment,3-6h,Single,3706,1.0772155925011924,1.0772155925011924,0.0
Entertainment,3-6h,Small,12114,1.075304738938526,1.075304738938526,0.0
Entertainment,3-6h,Medium,22985,1.0463438732779795,1.0463438732779795,0.0
Entertainment,3-6h,Large,9020,0.9852203348524394,0.9852203348524392,2.220446049250313e-16
Entertainment,6-12h,Single,9239,0.9287002499648218,0.928700249964822,-2.220446049250313e-16
Entertainment,6-12h,Small,33139,0.9785631860834109,0.9785631860834108,1.1102230246251565e-16
Entertainment,6-12h,Medium,53469,0.962542116981714,0.962542116981714,0.0
Entertainment,6-12h,Large,18500,0.9068871214220638,0.906887121422064,-1.1102230246251565e-16
Entertainment,12-24h,Single,13773,0.9308650454650348,0.9308650454650348,0.0
Entertainment,12-24h,Small,50657,1.030654260153956,1.030654260153956,0.0
Entertainment,12-24h,Medium,81089,0.9513129455775478,0.9513129455775476,1.1102230246251565e-16
Entertainment,12-24h,Large,22913,0.8638806843879434,0.8638806843879434,0.0
Entertainment,24-48h,Single,10632,0.972567501171534,0.972567501171534,0.0
Entertainment,24-48h,Small,31955,0.984466564873022,0.984466564873022,0.0
Entertainment,24-48h,Medium,43076,0.8571737767522332,0.8571737767522332,0.0
Entertainment,24-48h,Large,12617,0.8406990247286575,0.8406990247286574,1.1102230246251565e-16
Entertainment,2d-1w,Single,44290,0.9821127294662202,0.9821127294662204,-2.220446049250313e-16
Entertainment,2d-1w,Small,110079,0.9915215921176365,0.9915215921176364,1.1102230246251565e-16
Entertainment,2d-1w,Medium,144918,1.0372346557033953,1.0372346557033951,2.220446049250313e-16
Entertainment,2d-1w,Large,68995,1.082487436885783,1.082487436885783,0.0
Entertainment,1w-1mo,Single,26985,1.1316114863767492,1.131611486376749,2.220446049250313e-16
Entertainment,1w-1mo,Small,71810,1.1296392567260434,1.1296392567260434,0.0
Entertainment,1w-1mo,Medium,99261,1.1789214843841123,1.1789214843841125,-2.220446049250313e-16
Entertainment,1w-1mo,Large,38505,1.0900576535012418,1.0900576535012418,0.0
Entertainment,1mo+,Single,8661,0.9060658307725529,0.9060658307725528,1.1102230246251565e-16
Entertainment,1mo+,Small,31606,0.9899202973122323,0.9899202973122324,-1.1102230246251565e-16
Entertainment,1mo+,Medium,53250,0.9433663076687395,0.9433663076687396,-1.1102230246251565e-16
Entertainment,1mo+,Large,22844,0.9622554594160067,0.9622554594160068,-1.1102230246251565e-16
Finance,0-1h,Single,135300,1.0723085233780183,1.0723085233780183,0.0
Finance,0-1h,Small,296062,1.055537247171818,1.055537247171818,0.0
Finance,0-1h,Medium,375238,1.012236389426085,1.012236389426085,0.0
Finance,0-1h,Large,162082,0.9488507771687773,0.9488507771687772,1.1102230246251565e-16
Finance,1-3h,Single,52898,1.0992738343579729,1.0992738343579729,0.0
Finance,1-3h,Small,145271,1.0424934240133668,1.0424934240133668,0.0
Finance,1-3h,Medium,274405,1.0632111951846712,1.0632111951846712,0.0
Finance,1-3h,Large,140502,1.069276867902393,1.069276867902393,0.0
Finance,3-6h,Single,68911,0.9958455618395536,0.9958455618395538,-1.1102230246251565e-16
Finance,3-6h,Small,173546,1.0118105969666003,1.0118105969666005,-2.220446049250313e-16
Finance,3-6h,Medium,355026,1.0136927900128219,1.013692790012822,-2.220446049250313e-16
Finance,3-6h,Large,217996,1.0277280956401256,1.0277280956401251,4.440892098500626e-16
Finance,6-12h,Single,25687,1.001377721043265,1.001377721043265,0.0
Finance,6-12h,Small,66886,1.0125338204404672,1.0125338204404672,0.0
Finance,6-12h,Medium,130856,0.9921871937589147,0.9921871937589148,-1.1102230246251565e-16
Finance,6-12h,Large,77891,0.9622126074365192,0.9622126074365192,0.0
Finance,12-24h,Single,9365,1.0697197746886937,1.0697197746886935,2.220446049250313e-16
Finance,12-24h,Small,34464,0.9622535898172822,0.9622535898172824,-2.220446049250313e-16
Finance,12-24h,Medium,54716,0.9685918579145305,0.9685918579145306,-1.1102230246251565e-16
Finance,12-24h,Large,29671,0.9865398699403907,0.986539869940391,-3.3306690738754696e-16
Finance,24-48h,Single,5163,0.8264725556912565,0.8264725556912565,0.0
Finance,24-48h,Small,15653,0.9602305747535497,0.9602305747535496,1.1102230246251565e-16
Finance,24-48h,Medium,27491,0.9357657839067318,0.9357657839067316,2.220446049250313e-16
Finance,24-48h,Large,15937,0.802589568893195,0.8025895688931951,-1.1102230246251565e-16
Finance,2d-1w,Single,20269,1.2749422693959396,1.2749422693959396,0.0
Finance,2d-1w,Small,50897,1.0577341279051666,1.0577341279051666,0.0
Finance,2d-1w,Medium,91876,1.0873400096440267,1.0873400096440269,-2.220446049250313e-16
Finance,2d-1w,Large,57463,1.0626169323748806,1.0626169323748809,-2.220446049250313e-16
Finance,1w-1mo,Single,30426,1.4992435514848557,1.4992435514848557,0.0
Finance,1w-1mo,Small,98334,1.3818488864467835,1.3818488864467835,0.0
Finance,1w-1mo,Medium,148820,1.310235300207714,1.3102353002077145,-4.440892098500626e-16
Finance,1w-1mo,Large,76635,1.4348535153082085,1.4348535153082085,0.0
Finance,1mo+,Single,22022,1.015493668255934,1.0154936682559337,2.220446049250313e-16
Finance,1mo+,Small,69117,1.296864673092257,1.296864673092257,0.0
Finance,1mo+,Medium,90300,1.2251990867745894,1.2251990867745894,0.0
Finance,1mo+,Large,58846,1.1942688661703056,1.1942688661703056,0.0
Politics,0-1h,Single,1536,0.8388773589303594,0.8388773589303594,0.0
Politics,0-1h,Small,6592,0.9298792137802179,0.929879213780218,-1.1102230246251565e-16
Politics,0-1h,Medium,10806,1.0174019673181232,1.0174019673181232,0.0
Politics,0-1h,Large,5627,1.398885007453532,1.398885007453532,0.0
Politics,1-3h,Single,7350,0.8253801684848876,0.8253801684848875,1.1102230246251565e-16
Politics,1-3h,Small,32107,0.912108985396137,0.9121089853961368,2.220446049250313e-16
Politics,1-3h,Medium,48621,0.8967491997071966,0.8967491997071967,-1.1102230246251565e-16
Politics,1-3h,Large,13756,0.9451170551680115,0.9451170551680116,-1.1102230246251565e-16
Politics,3-6h,Single,8994,0.837264385441085,0.837264385441085,0.0
Politics,3-6h,Small,36339,0.9317162863661173,0.9317162863661173,0.0
Politics,3-6h,Medium,51601,0.991946377295067,0.9919463772950669,1.1102230246251565e-16
Politics,3-6h,Large,13058,1.4185200512979514,1.4185200512979512,2.220446049250313e-16
Politics,6-12h,Single,7860,1.1002170346478475,1.1002170346478477,-2.220446049250313e-16
Politics,6-12h,Small,32097,1.0971634649042665,1.0971634649042663,2.220446049250313e-16
Politics,6-12h,Medium,48475,1.158056226920271,1.158056226920271,0.0
Politics,6-12h,Large,16456,1.6681413867738308,1.6681413867738308,0.0
Politics,12-24h,Single,16688,0.8644190424856526,0.8644190424856526,0.0
Politics,12-24h,Small,65195,0.9908107336218682,0.990810733621868,2.220446049250313e-16
Politics,12-24h,Medium,108433,1.102705916890454,1.102705916890454,0.0
Politics,12-24h,Large,39735,1.5750901931775714,1.5750901931775714,0.0
Politics,24-48h,Single,11446,0.9854927782469061,0.9854927782469062,-1.1102230246251565e-16
Politics,24-48h,Small,41698,1.1010515786332675,1.1010515786332675,0.0
Politics,24-48h,Medium,67100,1.2476271811196142,1.2476271811196142,0.0
Politics,24-48h,Large,29078,1.575296619237216,1.575296619237216,0.0
Politics,2d-1w,Single,42196,1.0879427650655704,1.0879427650655702,2.220446049250313e-16
Politics,2d-1w,Small,125717,1.1405228320772374,1.1405228320772374,0.0
Politics,2d-1w,Medium,187662,1.368544168790924,1.368544168790924,0.0
Politics,2d-1w,Large,109561,1.897990489226665,1.897990489226665,0.0
Politics,1w-1mo,Single,76857,1.5351536347505639,1.535153634750564,-2.220446049250313e-16
Politics,1w-1mo,Small,211383,1.4781816096311617,1.4781816096311615,2.220446049250313e-16
Politics,1w-1mo,Medium,302794,1.4900967469042483,1.490096746904248,2.220446049250313e-16
Politics,1w-1mo,Large,190706,1.8690164086648409,1.8690164086648409,0.0
Politics,1mo+,Single,84496,1.2316984101650952,1.2316984101650952,0.0
Politics,1mo+,Small,258008,1.3518278044468122,1.351827804446812,2.220446049250313e-16
Politics,1mo+,Medium,804079,1.532325506170793,1.532325506170793,0.0
Politics,1mo+,Large,884139,1.7420305976639128,1.7420305976639126,2.220446049250313e-16
Sports,0-1h,Single,380143,1.0964623859602043,1.0964623859602045,-2.220446049250313e-16
Sports,0-1h,Small,1674651,1.1085434270659467,1.1085434270659469,-2.220446049250313e-16
Sports,0-1h,Medium,4465923,1.1119042626217932,1.1119042626217932,0.0
Sports,0-1h,Large,3461171,1.1005437872704609,1.1005437872704609,0.0
Sports,1-3h,Single,636588,0.9110683991729195,0.9110683991729196,-1.1102230246251565e-16
Sports,1-3h,Small,2715459,0.9456988492891348,0.9456988492891348,0.0
Sports,1-3h,Medium,6879602,0.9442499575539042,0.9442499575539042,0.0
Sports,1-3h,Large,5257834,0.9611323506190967,0.9611323506190969,-1.1102230246251565e-16
Sports,3-6h,Single,234429,0.9037914758960588,0.9037914758960588,0.0
Sports,3-6h,Small,1062935,0.9135618064891748,0.9135618064891748,0.0
Sports,3-6h,Medium,2640162,0.8904913616658948,0.8904913616658949,-1.1102230246251565e-16
Sports,3-6h,Large,1740206,0.8968282448593722,0.8968282448593722,0.0
Sports,6-12h,Single,152165,1.0324494949889518,1.0324494949889518,0.0
Sports,6-12h,Small,607563,1.0530434126359114,1.0530434126359112,2.220446049250313e-16
Sports,6-12h,Medium,1228964,1.0262148543355476,1.0262148543355478,-2.220446049250313e-16
Sports,6-12h,Large,594706,1.0030490774992318,1.0030490774992316,2.220446049250313e-16
Sports,12-24h,Single,126948,1.0633645159766616,1.0633645159766616,0.0
Sports,12-24h,Small,443417,1.061803348456853,1.061803348456853,0.0
Sports,12-24h,Medium,831375,1.0506220807361304,1.0506220807361304,0.0
Sports,12-24h,Large,404933,1.053717921723631,1.053717921723631,0.0
Sports,24-48h,Single,133201,1.0805674868387618,1.0805674868387616,2.220446049250313e-16
Sports,24-48h,Small,399442,1.077750280417365,1.0777502804173649,2.220446049250313e-16
Sports,24-48h,Medium,656469,1.0645186249832101,1.0645186249832097,4.440892098500626e-16
Sports,24-48h,Large,299113,1.0761655416147955,1.0761655416147955,0.0
Sports,2d-1w,Single,188753,1.0780933766837375,1.0780933766837375,0.0
Sports,2d-1w,Small,538069,1.0084481773690277,1.0084481773690277,0.0
Sports,2d-1w,Medium,888875,0.9904833318924495,0.9904833318924496,-1.1102230246251565e-16
Sports,2d-1w,Large,427700,1.041704317070303,1.041704317070303,0.0
Sports,1w-1mo,Single,56265,1.1622233805424238,1.1622233805424238,0.0
Sports,1w-1mo,Small,162565,1.065993056430808,1.0659930564308082,-2.220446049250313e-16
Sports,1w-1mo,Medium,281501,1.1633997209944928,1.1633997209944926,2.220446049250313e-16
Sports,1w-1mo,Large,168171,1.2468710938721679,1.246871093872168,-2.220446049250313e-16
Sports,1mo+,Single,22518,1.1697298120216144,1.1697298120216142,2.220446049250313e-16
Sports,1mo+,Small,64194,1.2018183471398756,1.2018183471398758,-2.220446049250313e-16
Sports,1mo+,Medium,117593,1.5346697463558177,1.534669746355818,-4.440892098500626e-16
Sports,1mo+,Large,76338,1.7628055045755466,1.7628055045755469,-2.220446049250313e-16
Weather,0-1h,Single,472,0.990955866789288,0.990955866789288,0.0
Weather,0-1h,Small,1808,0.9883476265674408,0.9883476265674408,0.0
Weather,0-1h,Medium,2933,0.785662505614135,0.7856625056141351,-1.1102230246251565e-16
Weather,0-1h,Large,1099,0.6643353968804798,0.6643353968804797,1.1102230246251565e-16
Weather,1-3h,Single,1781,0.9244535893705174,0.9244535893705174,0.0
Weather,1-3h,Small,5952,0.7090332152545433,0.7090332152545433,0.0
Weather,1-3h,Medium,9781,0.827731572072689,0.827731572072689,0.0
Weather,1-3h,Large,3051,0.8488033669094346,0.8488033669094345,1.1102230246251565e-16
Weather,3-6h,Single,4800,0.7400990447965689,0.7400990447965689,0.0
Weather,3-6h,Small,14178,0.81311194619266,0.8131119461926599,1.1102230246251565e-16
Weather,3-6h,Medium,22938,0.7365552917963726,0.7365552917963725,1.1102230246251565e-16
Weather,3-6h,Large,6640,0.7321532832835975,0.7321532832835974,1.1102230246251565e-16
Weather,6-12h,Single,130048,0.9210146832918343,0.9210146832918344,-1.1102230246251565e-16
Weather,6-12h,Small,393822,0.9102633228985002,0.9102633228985004,-2.220446049250313e-16
Weather,6-12h,Medium,583120,0.8799851137393769,0.8799851137393769,0.0
Weather,6-12h,Large,117105,0.8610239008398648,0.8610239008398647,1.1102230246251565e-16
Weather,12-24h,Single,189641,0.9912056239469247,0.9912056239469248,-1.1102230246251565e-16
Weather,12-24h,Small,496826,0.9351409724014405,0.9351409724014405,0.0
Weather,12-24h,Medium,664302,0.9061469175100968,0.9061469175100968,0.0
Weather,12-24h,Large,102362,0.9242191896813029,0.9242191896813028,1.1102230246251565e-16
Weather,24-48h,Single,111403,1.0669030995222861,1.066903099522286,2.220446049250313e-16
Weather,24-48h,Small,266657,1.018936163156331,1.018936163156331,0.0
Weather,24-48h,Medium,445711,0.9785899321172589,0.9785899321172588,1.1102230246251565e-16
Weather,24-48h,Large,66583,0.9663852138159343,0.9663852138159346,-2.220446049250313e-16
Weather,2d-1w,Single,2733,1.1515028972916121,1.151502897291612,2.220446049250313e-16
Weather,2d-1w,Small,9685,1.2710807511332298,1.2710807511332298,0.0
Weather,2d-1w,Medium,14751,1.1769032627898746,1.1769032627898746,0.0
Weather,2d-1w,Large,4478,1.2433899853255632,1.2433899853255632,0.0
Weather,1w-1mo,Single,9481,0.8096607535338759,0.8096607535338759,0.0
Weather,1w-1mo,Small,26958,0.8862618839006209,0.8862618839006209,0.0
Weather,1w-1mo,Medium,32972,1.0714984725872427,1.0714984725872427,0.0
Weather,1w-1mo,Large,9327,1.2818797832902415,1.2818797832902415,0.0
Weather,1mo+,Single,2410,1.159671996827274,1.1596719968272742,-2.220446049250313e-16
Weather,1mo+,Small,6761,1.3448884928741538,1.3448884928741538,0.0
Weather,1mo+,Medium,9457,1.4036745808849174,1.4036745808849174,0.0
Weather,1mo+,Large,2755,1.3652603274686477,1.3652603274686477,0.0
