year,tau,method,fit_scope,domain,metric,value,n_test,n_quarters
2022,24h,binning10,per_domain,ALL,brier,0.1675384309415995,2924.0,3.0
2022,24h,binning10,per_domain,ALL,ece,0.050908747854518877,2924.0,3.0
2022,24h,binning10,per_domain,ALL,log_loss,0.5112496554417753,2924.0,3.0
2022,24h,binning10,per_domain,Finance,brier,0.13700167335127708,800.0,2.0
2022,24h,binning10,per_domain,Finance,ece,0.04495318154242371,800.0,2.0
2022,24h,binning10,per_domain,Finance,log_loss,0.4455060473760763,800.0,2.0
2022,24h,binning10,per_domain,Weather,brier,0.17904003455377365,2124.0,3.0
2022,24h,binning10,per_domain,Weather,ece,0.0597421662406438,2124.0,3.0
2022,24h,binning10,per_domain,Weather,log_loss,0.5360118430371421,2124.0,3.0
2022,24h,binning10,pooled,ALL,brier,0.16477073894025884,3175.0,3.0
2022,24h,binning10,pooled,ALL,ece,0.04649069515170276,3175.0,3.0
2022,24h,binning10,pooled,ALL,log_loss,0.50442447421489,3175.0,3.0
2022,24h,binning10,pooled,Entertainment,brier,0.1925811676051882,9.0,1.0
2022,24h,binning10,pooled,Entertainment,log_loss,0.5320876960834384,9.0,1.0
2022,24h,binning10,pooled,Finance,brier,0.13856711708821637,1040.0,3.0
2022,24h,binning10,pooled,Finance,ece,0.05174496764900362,1040.0,3.0
2022,24h,binning10,pooled,Finance,log_loss,0.45090840671377125,1040.0,3.0
2022,24h,binning10,pooled,Politics,brier,0.06564356674361646,2.0,2.0
2022,24h,binning10,pooled,Politics,log_loss,0.2858943963929909,2.0,2.0
2022,24h,binning10,pooled,Weather,brier,0.1775766368745964,2124.0,3.0
2022,24h,binning10,pooled,Weather,ece,0.04872124282720412,2124.0,3.0
2022,24h,binning10,pooled,Weather,log_loss,0.5307167535745841,2124.0,3.0
2022,24h,conformal_marginal,pooled,ALL,avg_set_size,1.3562204724409448,3175.0,3.0
2022,24h,conformal_marginal,pooled,ALL,coverage,0.9014173228346457,3175.0,3.0
2022,24h,conformal_marginal,pooled,Entertainment,avg_set_size,1.2222222222222223,9.0,1.0
2022,24h,conformal_marginal,pooled,Entertainment,coverage,0.8888888888888888,9.0,1.0
2022,24h,conformal_marginal,pooled,Finance,avg_set_size,1.1605769230769232,1040.0,3.0
2022,24h,conformal_marginal,pooled,Finance,coverage,0.8817307692307692,1040.0,3.0
2022,24h,conformal_marginal,pooled,Politics,avg_set_size,1.5,2.0,2.0
2022,24h,conformal_marginal,pooled,Politics,coverage,1.0,2.0,2.0
2022,24h,conformal_marginal,pooled,Weather,avg_set_size,1.4524482109227872,2124.0,3.0
2022,24h,conformal_marginal,pooled,Weather,coverage,0.9110169491525424,2124.0,3.0
2022,24h,conformal_mondrian,per_domain,ALL,avg_set_size,1.3577952755905511,3175.0,3.0
2022,24h,conformal_mondrian,per_domain,ALL,coverage,0.9014173228346457,3175.0,3.0
2022,24h,conformal_mondrian,per_domain,Entertainment,avg_set_size,1.0,9.0,1.0
2022,24h,conformal_mondrian,per_domain,Entertainment,coverage,0.6666666666666666,9.0,1.0
2022,24h,conformal_mondrian,per_domain,Finance,avg_set_size,1.2028846153846153,1040.0,3.0
2022,24h,conformal_mondrian,per_domain,Finance,coverage,0.8884615384615384,1040.0,3.0
2022,24h,conformal_mondrian,per_domain,Politics,avg_set_size,1.5,2.0,2.0
2022,24h,conformal_mondrian,per_domain,Politics,coverage,1.0,2.0,2.0
2022,24h,conformal_mondrian,per_domain,Weather,avg_set_size,1.4350282485875707,2124.0,3.0
2022,24h,conformal_mondrian,per_domain,Weather,coverage,0.908662900188324,2124.0,3.0
2022,24h,platt,per_domain,ALL,brier,0.16644573127656123,2924.0,3.0
2022,24h,platt,per_domain,ALL,ece,0.04413468688511787,2924.0,3.0
2022,24h,platt,per_domain,ALL,log_loss,0.506221415590886,2924.0,3.0
2022,24h,platt,per_domain,Finance,brier,0.13584639308290009,800.0,2.0
2022,24h,platt,per_domain,Finance,ece,0.03649770643954551,800.0,2.0
2022,24h,platt,per_domain,Finance,log_loss,0.43688384529250357,800.0,2.0
2022,24h,platt,per_domain,Weather,brier,0.1779709057374506,2124.0,3.0
2022,24h,platt,per_domain,Weather,ece,0.05545747727744625,2124.0,3.0
2022,24h,platt,per_domain,Weather,log_loss,0.5323372612776589,2124.0,3.0
2022,24h,platt,pooled,ALL,brier,0.16411973730117324,3175.0,3.0
2022,24h,platt,pooled,ALL,ece,0.043845584832960686,3175.0,3.0
2022,24h,platt,pooled,ALL,log_loss,0.5012092131154602,3175.0,3.0
2022,24h,platt,pooled,Entertainment,brier,0.2050366783300072,9.0,1.0
2022,24h,platt,pooled,Entertainment,log_loss,0.5804391847783514,9.0,1.0
2022,24h,platt,pooled,Finance,brier,0.13735609230422888,1040.0,3.0
2022,24h,platt,pooled,Finance,ece,0.045025844102385915,1040.0,3.0
2022,24h,platt,pooled,Finance,log_loss,0.4416543811985675,1040.0,3.0
2022,24h,platt,pooled,Politics,brier,0.0480906364540776,2.0,2.0
2022,24h,platt,pooled,Politics,log_loss,0.24264985431593383,2.0,2.0
2022,24h,platt,pooled,Weather,brier,0.17716022530929784,2124.0,3.0
2022,24h,platt,pooled,Weather,ece,0.050862553628218135,2124.0,3.0
2022,24h,platt,pooled,Weather,log_loss,0.5302775154535966,2124.0,3.0
2022,24h,raw,per_domain,ALL,brier,0.16496388508891927,2924.0,3.0
2022,24h,raw,per_domain,ALL,ece,0.03300273597811214,2924.0,3.0
2022,24h,raw,per_domain,ALL,log_loss,0.5026594979276692,2924.0,3.0
2022,24h,raw,per_domain,Finance,brier,0.13608674999999998,800.0,2.0
2022,24h,raw,per_domain,Finance,ece,0.03759999999999999,800.0,2.0
2022,24h,raw,per_domain,Finance,log_loss,0.4382421849235241,800.0,2.0
2022,24h,raw,per_domain,Weather,brier,0.17584039548022598,2124.0,3.0
2022,24h,raw,per_domain,Weather,ece,0.040018832391713714,2124.0,3.0
2022,24h,raw,per_domain,Weather,log_loss,0.5269221393604923,2124.0,3.0
2022,24h,raw,pooled,ALL,brier,0.16275285039370077,3175.0,3.0
2022,24h,raw,pooled,ALL,ece,0.032185826771653527,3175.0,3.0
2022,24h,raw,pooled,ALL,log_loss,0.49759675675156034,3175.0,3.0
2022,24h,raw,pooled,Entertainment,brier,0.1868333333333333,9.0,1.0
2022,24h,raw,pooled,Entertainment,log_loss,0.5435726818124127,9.0,1.0
2022,24h,raw,pooled,Finance,brier,0.13602317307692305,1040.0,3.0
2022,24h,raw,pooled,Finance,ece,0.03920192307692305,1040.0,3.0
2022,24h,raw,pooled,Finance,log_loss,0.4377673854347264,1040.0,3.0
2022,24h,raw,pooled,Politics,brier,0.054849999999999996,2.0,2.0
2022,24h,raw,pooled,Politics,log_loss,0.25842184804577684,2.0,2.0
2022,24h,raw,pooled,Weather,brier,0.17584039548022598,2124.0,3.0
2022,24h,raw,pooled,Weather,ece,0.040018832391713714,2124.0,3.0
2022,24h,raw,pooled,Weather,log_loss,0.5269221393604923,2124.0,3.0
2022,24h,venn_abers,per_domain,ALL,brier,0.1674074003150821,2924.0,3.0
2022,24h,venn_abers,per_domain,ALL,ece,0.05158073110422158,2924.0,3.0
2022,24h,venn_abers,per_domain,ALL,log_loss,0.5086107457089094,2924.0,3.0
2022,24h,venn_abers,per_domain,Finance,brier,0.13669687818570972,800.0,2.0
2022,24h,venn_abers,per_domain,Finance,ece,0.03420368146295246,800.0,2.0
2022,24h,venn_abers,per_domain,Finance,log_loss,0.4395163205315623,800.0,2.0
2022,24h,venn_abers,per_domain,Weather,brier,0.17897445196456324,2124.0,3.0
2022,24h,venn_abers,per_domain,Weather,ece,0.0572331634359593,2124.0,3.0
2022,24h,venn_abers,per_domain,Weather,log_loss,0.53463501131243,2124.0,3.0
2022,24h,venn_abers,pooled,ALL,brier,0.16516068635977488,3175.0,3.0
2022,24h,venn_abers,pooled,ALL,ece,0.04817134693074486,3175.0,3.0
2022,24h,venn_abers,pooled,ALL,log_loss,0.5046983606796556,3175.0,3.0
2022,24h,venn_abers,pooled,Entertainment,brier,0.1928982981102154,9.0,1.0
2022,24h,venn_abers,pooled,Entertainment,log_loss,0.5421626372174013,9.0,1.0
2022,24h,venn_abers,pooled,Finance,brier,0.13911422163213322,1040.0,3.0
2022,24h,venn_abers,pooled,Finance,ece,0.056701796398786614,1040.0,3.0
2022,24h,venn_abers,pooled,Finance,log_loss,0.4507919620146954,1040.0,3.0
2022,24h,venn_abers,pooled,Politics,brier,0.0707962625888764,2.0,2.0
2022,24h,venn_abers,pooled,Politics,log_loss,0.3042127468618089,2.0,2.0
2022,24h,venn_abers,pooled,Weather,brier,0.1778854573854505,2124.0,3.0
2022,24h,venn_abers,pooled,Weather,ece,0.05119506795279734,2124.0,3.0
2022,24h,venn_abers,pooled,Weather,log_loss,0.5311232417297284,2124.0,3.0
2023,24h,binning10,per_domain,ALL,brier,0.1689186979080718,5011.0,4.0
2023,24h,binning10,per_domain,ALL,ece,0.03753823009536644,5011.0,4.0
2023,24h,binning10,per_domain,ALL,log_loss,0.5142557402386003,5011.0,4.0
2023,24h,binning10,per_domain,Finance,brier,0.14693360747620318,1587.0,4.0
2023,24h,binning10,per_domain,Finance,ece,0.0590098569869518,1587.0,4.0
2023,24h,binning10,per_domain,Finance,log_loss,0.46612405505293536,1587.0,4.0
2023,24h,binning10,per_domain,Weather,brier,0.17910863322214177,3424.0,4.0
2023,24h,binning10,per_domain,Weather,ece,0.03618617876896081,3424.0,4.0
2023,24h,binning10,per_domain,Weather,log_loss,0.536564438950531,3424.0,4.0
2023,24h,binning10,pooled,ALL,brier,0.1705431129026437,5079.0,4.0
2023,24h,binning10,pooled,ALL,ece,0.038280974720614556,5079.0,4.0
2023,24h,binning10,pooled,ALL,log_loss,0.5180418407668126,5079.0,4.0
2023,24h,binning10,pooled,Entertainment,brier,0.10160329742137698,57.0,4.0
2023,24h,binning10,pooled,Entertainment,ece,0.19169081623080267,47.0,2.0
2023,24h,binning10,pooled,Entertainment,log_loss,0.34473747865808524,57.0,4.0
2023,24h,binning10,pooled,Finance,brier,0.1481813375222365,1587.0,4.0
2023,24h,binning10,pooled,Finance,ece,0.056757476356970614,1587.0,4.0
2023,24h,binning10,pooled,Finance,log_loss,0.4711583273850559,1587.0,4.0
2023,24h,binning10,pooled,Politics,brier,0.1739940758493704,11.0,3.0
2023,24h,binning10,pooled,Politics,log_loss,0.5101929539933603,11.0,3.0
2023,24h,binning10,pooled,Weather,brier,0.18204420706699084,3424.0,4.0
2023,24h,binning10,pooled,Weather,ece,0.04240201044609127,3424.0,4.0
2023,24h,binning10,pooled,Weather,log_loss,0.5426822677912149,3424.0,4.0
2023,24h,conformal_marginal,pooled,ALL,avg_set_size,1.352234691868478,5079.0,4.0
2023,24h,conformal_marginal,pooled,ALL,coverage,0.8964363063595195,5079.0,4.0
2023,24h,conformal_marginal,pooled,Entertainment,avg_set_size,1.2982456140350878,57.0,4.0
2023,24h,conformal_marginal,pooled,Entertainment,coverage,0.9649122807017544,57.0,4.0
2023,24h,conformal_marginal,pooled,Finance,avg_set_size,1.15059861373661,1587.0,4.0
2023,24h,conformal_marginal,pooled,Finance,coverage,0.8657844990548205,1587.0,4.0
2023,24h,conformal_marginal,pooled,Politics,avg_set_size,1.0909090909090908,11.0,3.0
2023,24h,conformal_marginal,pooled,Politics,coverage,0.8181818181818182,11.0,3.0
2023,24h,conformal_marginal,pooled,Weather,avg_set_size,1.4474299065420562,3424.0,4.0
2023,24h,conformal_marginal,pooled,Weather,coverage,0.9097546728971962,3424.0,4.0
2023,24h,conformal_mondrian,per_domain,ALL,avg_set_size,1.3679858239810987,5079.0,4.0
2023,24h,conformal_mondrian,per_domain,ALL,coverage,0.8995865327820437,5079.0,4.0
2023,24h,conformal_mondrian,per_domain,Entertainment,avg_set_size,1.1929824561403508,57.0,4.0
2023,24h,conformal_mondrian,per_domain,Entertainment,coverage,0.9649122807017544,57.0,4.0
2023,24h,conformal_mondrian,per_domain,Finance,avg_set_size,1.287334593572779,1587.0,4.0
2023,24h,conformal_mondrian,per_domain,Finance,coverage,0.9023314429741651,1587.0,4.0
2023,24h,conformal_mondrian,per_domain,Politics,avg_set_size,1.0909090909090908,11.0,3.0
2023,24h,conformal_mondrian,per_domain,Politics,coverage,0.8181818181818182,11.0,3.0
2023,24h,conformal_mondrian,per_domain,Weather,avg_set_size,1.4091705607476634,3424.0,4.0
2023,24h,conformal_mondrian,per_domain,Weather,coverage,0.8974883177570093,3424.0,4.0
2023,24h,platt,per_domain,ALL,brier,0.16751498108750285,5011.0,4.0
2023,24h,platt,per_domain,ALL,ece,0.03541063199427084,5011.0,4.0
2023,24h,platt,per_domain,ALL,log_loss,0.5102540538311787,5011.0,4.0
2023,24h,platt,per_domain,Finance,brier,0.14481847933525335,1587.0,4.0
2023,24h,platt,per_domain,Finance,ece,0.059498876747312184,1587.0,4.0
2023,24h,platt,per_domain,Finance,log_loss,0.45823567225284656,1587.0,4.0
2023,24h,platt,per_domain,Weather,brier,0.1780346505620414,3424.0,4.0
2023,24h,platt,per_domain,Weather,ece,0.041907396204157794,3424.0,4.0
2023,24h,platt,per_domain,Weather,log_loss,0.5343642090779114,3424.0,4.0
2023,24h,platt,pooled,ALL,brier,0.16645217963227094,5079.0,4.0
2023,24h,platt,pooled,ALL,ece,0.037123853150197235,5079.0,4.0
2023,24h,platt,pooled,ALL,log_loss,0.5073477843028072,5079.0,4.0
2023,24h,platt,pooled,Entertainment,brier,0.08888989026092285,57.0,4.0
2023,24h,platt,pooled,Entertainment,ece,0.18219715851084772,47.0,2.0
2023,24h,platt,pooled,Entertainment,log_loss,0.31011835457682435,57.0,4.0
2023,24h,platt,pooled,Finance,brier,0.1441407402347314,1587.0,4.0
2023,24h,platt,pooled,Finance,ece,0.05851315832937121,1587.0,4.0
2023,24h,platt,pooled,Finance,log_loss,0.45641003824106985,1587.0,4.0
2023,24h,platt,pooled,Politics,brier,0.15967710575235855,11.0,3.0
2023,24h,platt,pooled,Politics,log_loss,0.4678135857024804,11.0,3.0
2023,24h,platt,pooled,Weather,brier,0.1781063357744266,3424.0,4.0
2023,24h,platt,pooled,Weather,ece,0.04332041106887008,3424.0,4.0
2023,24h,platt,pooled,Weather,log_loss,0.5343673978188592,3424.0,4.0
2023,24h,raw,per_domain,ALL,brier,0.16710253442426662,5011.0,4.0
2023,24h,raw,per_domain,ALL,ece,0.03301137497505482,5011.0,4.0
2023,24h,raw,per_domain,ALL,log_loss,0.5091253616775268,5011.0,4.0
2023,24h,raw,per_domain,Finance,brier,0.14369023314429738,1587.0,4.0
2023,24h,raw,per_domain,Finance,ece,0.05710144927536226,1587.0,4.0
2023,24h,raw,per_domain,Finance,log_loss,0.4554555374446578,1587.0,4.0
2023,24h,raw,per_domain,Weather,brier,0.17795397196261678,3424.0,4.0
2023,24h,raw,per_domain,Weather,ece,0.04107476635514015,3424.0,4.0
2023,24h,raw,per_domain,Weather,log_loss,0.5340009490191048,3424.0,4.0
2023,24h,raw,pooled,ALL,brier,0.16620171293561722,5079.0,4.0
2023,24h,raw,pooled,ALL,ece,0.03558771411695211,5079.0,4.0
2023,24h,raw,pooled,ALL,log_loss,0.5067642286938617,5079.0,4.0
2023,24h,raw,pooled,Entertainment,brier,0.08815964912280701,57.0,4.0
2023,24h,raw,pooled,Entertainment,ece,0.18042553191489363,47.0,2.0
2023,24h,raw,pooled,Entertainment,log_loss,0.30718414137360567,57.0,4.0
2023,24h,raw,pooled,Finance,brier,0.14369023314429738,1587.0,4.0
2023,24h,raw,pooled,Finance,ece,0.05710144927536226,1587.0,4.0
2023,24h,raw,pooled,Finance,log_loss,0.4554555374446578,1587.0,4.0
2023,24h,raw,pooled,Politics,brier,0.16023636363636362,11.0,3.0
2023,24h,raw,pooled,Politics,log_loss,0.4653485556128915,11.0,3.0
2023,24h,raw,pooled,Weather,brier,0.17795397196261678,3424.0,4.0
2023,24h,raw,pooled,Weather,ece,0.04107476635514015,3424.0,4.0
2023,24h,raw,pooled,Weather,log_loss,0.5340009490191048,3424.0,4.0
2023,24h,venn_abers,per_domain,ALL,brier,0.1671512926030419,5011.0,4.0
2023,24h,venn_abers,per_domain,ALL,ece,0.03702120987124866,5011.0,4.0
2023,24h,venn_abers,per_domain,ALL,log_loss,0.5100847617245123,5011.0,4.0
2023,24h,venn_abers,per_domain,Finance,brier,0.14369167805812352,1587.0,4.0
2023,24h,venn_abers,per_domain,Finance,ece,0.04871449158974488,1587.0,4.0
2023,24h,venn_abers,per_domain,Finance,log_loss,0.4568686967246944,1587.0,4.0
2023,24h,venn_abers,per_domain,Weather,brier,0.17802465950806104,3424.0,4.0
2023,24h,venn_abers,per_domain,Weather,ece,0.033763904673375936,3424.0,4.0
2023,24h,venn_abers,per_domain,Weather,log_loss,0.5347500348421266,3424.0,4.0
2023,24h,venn_abers,pooled,ALL,brier,0.16650691399260675,5079.0,4.0
2023,24h,venn_abers,pooled,ALL,ece,0.029691490793772406,5079.0,4.0
2023,24h,venn_abers,pooled,ALL,log_loss,0.5079765570224765,5079.0,4.0
2023,24h,venn_abers,pooled,Entertainment,brier,0.09098246613045424,57.0,4.0
2023,24h,venn_abers,pooled,Entertainment,ece,0.17041644792341126,47.0,2.0
2023,24h,venn_abers,pooled,Entertainment,log_loss,0.3144567000761988,57.0,4.0
2023,24h,venn_abers,pooled,Finance,brier,0.14412869994779845,1587.0,4.0
2023,24h,venn_abers,pooled,Finance,ece,0.05534907687332627,1587.0,4.0
2023,24h,venn_abers,pooled,Finance,log_loss,0.45762271289697387,1587.0,4.0
2023,24h,venn_abers,pooled,Politics,brier,0.15534973980082303,11.0,3.0
2023,24h,venn_abers,pooled,Politics,log_loss,0.45281999754878655,11.0,3.0
2023,24h,venn_abers,pooled,Weather,brier,0.1781721733773506,3424.0,4.0
2023,24h,venn_abers,pooled,Weather,ece,0.031609972392279466,3424.0,4.0
2023,24h,venn_abers,pooled,Weather,log_loss,0.5347139707570913,3424.0,4.0
2024,1w,binning10,per_domain,ALL,brier,0.1311572343018743,305.0,1.0
2024,1w,binning10,per_domain,ALL,ece,0.0447112184019632,305.0,1.0
2024,1w,binning10,per_domain,ALL,log_loss,0.4090312402584055,305.0,1.0
2024,1w,binning10,per_domain,Entertainment,brier,0.1269785536396668,155.0,1.0
2024,1w,binning10,per_domain,Entertainment,ece,0.0825620774347429,155.0,1.0
2024,1w,binning10,per_domain,Entertainment,log_loss,0.393309503917282,155.0,1.0
2024,1w,binning10,per_domain,Finance,brier,0.1403920325423758,110.0,1.0
2024,1w,binning10,per_domain,Finance,ece,0.0566296939571137,110.0,1.0
2024,1w,binning10,per_domain,Finance,log_loss,0.4372329072103062,110.0,1.0
2024,1w,binning10,per_domain,Weather,brier,0.121953926706549,40.0,1.0
2024,1w,binning10,per_domain,Weather,ece,0.1106701631701631,40.0,1.0
2024,1w,binning10,per_domain,Weather,log_loss,0.3923983844625316,40.0,1.0
2024,1w,binning10,pooled,ALL,brier,0.1272117534863767,403.0,1.0
2024,1w,binning10,pooled,ALL,ece,0.0505967147429442,403.0,1.0
2024,1w,binning10,pooled,ALL,log_loss,0.3985610584336584,403.0,1.0
2024,1w,binning10,pooled,Crypto,brier,0.1481718452096889,16.0,1.0
2024,1w,binning10,pooled,Crypto,log_loss,0.4848223802256822,16.0,1.0
2024,1w,binning10,pooled,Entertainment,brier,0.1301811466862386,155.0,1.0
2024,1w,binning10,pooled,Entertainment,ece,0.10620562438394798,155.0,1.0
2024,1w,binning10,pooled,Entertainment,log_loss,0.4017814096993016,155.0,1.0
2024,1w,binning10,pooled,Finance,brier,0.1411910690369453,110.0,1.0
2024,1w,binning10,pooled,Finance,ece,0.0629615873709418,110.0,1.0
2024,1w,binning10,pooled,Finance,log_loss,0.4360604970870709,110.0,1.0
2024,1w,binning10,pooled,Politics,brier,0.1017941871862785,42.0,1.0
2024,1w,binning10,pooled,Politics,ece,0.1428692515499902,42.0,1.0
2024,1w,binning10,pooled,Politics,log_loss,0.3325345804545361,42.0,1.0
2024,1w,binning10,pooled,Sports,brier,0.1016229919947452,40.0,1.0
2024,1w,binning10,pooled,Sports,ece,0.0859113047351876,40.0,1.0
2024,1w,binning10,pooled,Sports,log_loss,0.3308084927426404,40.0,1.0
2024,1w,binning10,pooled,Weather,brier,0.1211554064902581,40.0,1.0
2024,1w,binning10,pooled,Weather,ece,0.0910454186727196,40.0,1.0
2024,1w,binning10,pooled,Weather,log_loss,0.3855345798346927,40.0,1.0
2024,1w,conformal_marginal,pooled,ALL,avg_set_size,1.2307692307692308,403.0,1.0
2024,1w,conformal_marginal,pooled,ALL,coverage,0.9205955334987591,403.0,1.0
2024,1w,conformal_marginal,pooled,Crypto,avg_set_size,1.3125,16.0,1.0
2024,1w,conformal_marginal,pooled,Crypto,coverage,0.9375,16.0,1.0
2024,1w,conformal_marginal,pooled,Entertainment,avg_set_size,1.2838709677419355,155.0,1.0
2024,1w,conformal_marginal,pooled,Entertainment,coverage,0.9354838709677419,155.0,1.0
2024,1w,conformal_marginal,pooled,Finance,avg_set_size,1.2181818181818185,110.0,1.0
2024,1w,conformal_marginal,pooled,Finance,coverage,0.8909090909090909,110.0,1.0
2024,1w,conformal_marginal,pooled,Politics,avg_set_size,1.238095238095238,42.0,1.0
2024,1w,conformal_marginal,pooled,Politics,coverage,0.9761904761904762,42.0,1.0
2024,1w,conformal_marginal,pooled,Sports,avg_set_size,1.1,40.0,1.0
2024,1w,conformal_marginal,pooled,Sports,coverage,0.9,40.0,1.0
2024,1w,conformal_marginal,pooled,Weather,avg_set_size,1.15,40.0,1.0
2024,1w,conformal_marginal,pooled,Weather,coverage,0.9,40.0,1.0
2024,1w,conformal_mondrian,per_domain,ALL,avg_set_size,1.250620347394541,403.0,1.0
2024,1w,conformal_mondrian,per_domain,ALL,coverage,0.913151364764268,403.0,1.0
2024,1w,conformal_mondrian,per_domain,Crypto,avg_set_size,1.9375,16.0,1.0
2024,1w,conformal_mondrian,per_domain,Crypto,coverage,1.0,16.0,1.0
2024,1w,conformal_mondrian,per_domain,Entertainment,avg_set_size,1.232258064516129,155.0,1.0
2024,1w,conformal_mondrian,per_domain,Entertainment,coverage,0.9161290322580643,155.0,1.0
2024,1w,conformal_mondrian,per_domain,Finance,avg_set_size,1.2272727272727273,110.0,1.0
2024,1w,conformal_mondrian,per_domain,Finance,coverage,0.9,110.0,1.0
2024,1w,conformal_mondrian,per_domain,Politics,avg_set_size,1.3095238095238095,42.0,1.0
2024,1w,conformal_mondrian,per_domain,Politics,coverage,0.9761904761904762,42.0,1.0
2024,1w,conformal_mondrian,per_domain,Sports,avg_set_size,1.025,40.0,1.0
2024,1w,conformal_mondrian,per_domain,Sports,coverage,0.85,40.0,1.0
2024,1w,conformal_mondrian,per_domain,Weather,avg_set_size,1.275,40.0,1.0
2024,1w,conformal_mondrian,per_domain,Weather,coverage,0.9,40.0,1.0
2024,1w,platt,per_domain,ALL,brier,0.1234090300961783,305.0,1.0
2024,1w,platt,per_domain,ALL,ece,0.0413245382859673,305.0,1.0
2024,1w,platt,per_domain,ALL,log_loss,0.3864372493688345,305.0,1.0
2024,1w,platt,per_domain,Entertainment,brier,0.1156585465130674,155.0,1.0
2024,1w,platt,per_domain,Entertainment,ece,0.0800921354456768,155.0,1.0
2024,1w,platt,per_domain,Entertainment,log_loss,0.3577761005796979,155.0,1.0
2024,1w,platt,per_domain,Finance,brier,0.1365863438229148,110.0,1.0
2024,1w,platt,per_domain,Finance,ece,0.0722794024251927,110.0,1.0
2024,1w,platt,per_domain,Finance,log_loss,0.4267197556527226,110.0,1.0
2024,1w,platt,per_domain,Weather,brier,0.11720454123220772,40.0,1.0
2024,1w,platt,per_domain,Weather,ece,0.12459737591899481,40.0,1.0
2024,1w,platt,per_domain,Weather,log_loss,0.3867223086460464,40.0,1.0
2024,1w,platt,pooled,ALL,brier,0.12461830351890979,403.0,1.0
2024,1w,platt,pooled,ALL,ece,0.0559406091130783,403.0,1.0
2024,1w,platt,pooled,ALL,log_loss,0.3909005942194549,403.0,1.0
2024,1w,platt,pooled,Crypto,brier,0.135172716305247,16.0,1.0
2024,1w,platt,pooled,Crypto,log_loss,0.4452993269535278,16.0,1.0
2024,1w,platt,pooled,Entertainment,brier,0.1259442041092447,155.0,1.0
2024,1w,platt,pooled,Entertainment,ece,0.11445132389459561,155.0,1.0
2024,1w,platt,pooled,Entertainment,log_loss,0.3902373767824317,155.0,1.0
2024,1w,platt,pooled,Finance,brier,0.1386832906676737,110.0,1.0
2024,1w,platt,pooled,Finance,ece,0.0828125324151151,110.0,1.0
2024,1w,platt,pooled,Finance,log_loss,0.4324678490046889,110.0,1.0
2024,1w,platt,pooled,Politics,brier,0.1027352654917032,42.0,1.0
2024,1w,platt,pooled,Politics,ece,0.1232412447678928,42.0,1.0
2024,1w,platt,pooled,Politics,log_loss,0.3309516933580957,42.0,1.0
2024,1w,platt,pooled,Sports,brier,0.10767305988335821,40.0,1.0
2024,1w,platt,pooled,Sports,ece,0.0993327192720497,40.0,1.0
2024,1w,platt,pooled,Sports,log_loss,0.3405599016026569,40.0,1.0
2024,1w,platt,pooled,Weather,brier,0.1165023925218444,40.0,1.0
2024,1w,platt,pooled,Weather,ece,0.127339458168481,40.0,1.0
2024,1w,platt,pooled,Weather,log_loss,0.3706881565561212,40.0,1.0
2024,1w,raw,per_domain,ALL,brier,0.1293924590163934,305.0,1.0
2024,1w,raw,per_domain,ALL,ece,0.059180327868852405,305.0,1.0
2024,1w,raw,per_domain,ALL,log_loss,0.4048536888303725,305.0,1.0
2024,1w,raw,per_domain,Entertainment,brier,0.1258503225806451,155.0,1.0
2024,1w,raw,per_domain,Entertainment,ece,0.11587096774193552,155.0,1.0
2024,1w,raw,per_domain,Entertainment,log_loss,0.3923058916163356,155.0,1.0
2024,1w,raw,per_domain,Finance,brier,0.1388854545454545,110.0,1.0
2024,1w,raw,per_domain,Finance,ece,0.0821818181818181,110.0,1.0
2024,1w,raw,per_domain,Finance,log_loss,0.4338269226777526,110.0,1.0
2024,1w,raw,per_domain,Weather,brier,0.1170124999999999,40.0,1.0
2024,1w,raw,per_domain,Weather,ece,0.12925,40.0,1.0
2024,1w,raw,per_domain,Weather,log_loss,0.3738000099544708,40.0,1.0
2024,1w,raw,pooled,ALL,brier,0.1248446650124069,403.0,1.0
2024,1w,raw,pooled,ALL,ece,0.05866004962779149,403.0,1.0
2024,1w,raw,pooled,ALL,log_loss,0.39327332490088507,403.0,1.0
2024,1w,raw,pooled,Crypto,brier,0.1373375,16.0,1.0
2024,1w,raw,pooled,Crypto,log_loss,0.4500264396511299,16.0,1.0
2024,1w,raw,pooled,Entertainment,brier,0.1258503225806451,155.0,1.0
2024,1w,raw,pooled,Entertainment,ece,0.11587096774193552,155.0,1.0
2024,1w,raw,pooled,Entertainment,log_loss,0.3923058916163356,155.0,1.0
2024,1w,raw,pooled,Finance,brier,0.1388854545454545,110.0,1.0
2024,1w,raw,pooled,Finance,ece,0.0821818181818181,110.0,1.0
2024,1w,raw,pooled,Finance,log_loss,0.4338269226777526,110.0,1.0
2024,1w,raw,pooled,Politics,brier,0.10360476190476191,42.0,1.0
2024,1w,raw,pooled,Politics,ece,0.129047619047619,42.0,1.0
2024,1w,raw,pooled,Politics,log_loss,0.336021716404198,42.0,1.0
2024,1w,raw,pooled,Sports,brier,0.1074725,40.0,1.0
2024,1w,raw,pooled,Sports,ece,0.09975,40.0,1.0
2024,1w,raw,pooled,Sports,log_loss,0.3423859929599663,40.0,1.0
2024,1w,raw,pooled,Weather,brier,0.1170124999999999,40.0,1.0
2024,1w,raw,pooled,Weather,ece,0.12925,40.0,1.0
2024,1w,raw,pooled,Weather,log_loss,0.3738000099544708,40.0,1.0
2024,1w,venn_abers,per_domain,ALL,brier,0.1260839139627196,305.0,1.0
2024,1w,venn_abers,per_domain,ALL,ece,0.0579317297884983,305.0,1.0
2024,1w,venn_abers,per_domain,ALL,log_loss,0.3995666462943799,305.0,1.0
2024,1w,venn_abers,per_domain,Entertainment,brier,0.12137216873436091,155.0,1.0
2024,1w,venn_abers,per_domain,Entertainment,ece,0.0950926586984646,155.0,1.0
2024,1w,venn_abers,per_domain,Entertainment,log_loss,0.3828322955538604,155.0,1.0
2024,1w,venn_abers,per_domain,Finance,brier,0.1351746977276858,110.0,1.0
2024,1w,venn_abers,per_domain,Finance,ece,0.03986361808603169,110.0,1.0
2024,1w,venn_abers,per_domain,Finance,log_loss,0.4249100349115246,110.0,1.0
2024,1w,venn_abers,per_domain,Weather,brier,0.1193422713689529,40.0,1.0
2024,1w,venn_abers,per_domain,Weather,ece,0.10621536519694438,40.0,1.0
2024,1w,venn_abers,per_domain,Weather,log_loss,0.3947179367167455,40.0,1.0
2024,1w,venn_abers,pooled,ALL,brier,0.1278988989795016,403.0,1.0
2024,1w,venn_abers,pooled,ALL,ece,0.0651936496404567,403.0,1.0
2024,1w,venn_abers,pooled,ALL,log_loss,0.4017759884335589,403.0,1.0
2024,1w,venn_abers,pooled,Crypto,brier,0.1356304108370254,16.0,1.0
2024,1w,venn_abers,pooled,Crypto,log_loss,0.444683111531073,16.0,1.0
2024,1w,venn_abers,pooled,Entertainment,brier,0.1271004602178291,155.0,1.0
2024,1w,venn_abers,pooled,Entertainment,ece,0.11781572599413578,155.0,1.0
2024,1w,venn_abers,pooled,Entertainment,log_loss,0.396055812692061,155.0,1.0
2024,1w,venn_abers,pooled,Finance,brier,0.1425627562045283,110.0,1.0
2024,1w,venn_abers,pooled,Finance,ece,0.0769579791737097,110.0,1.0
2024,1w,venn_abers,pooled,Finance,log_loss,0.4414153199499002,110.0,1.0
2024,1w,venn_abers,pooled,Politics,brier,0.11238081829919071,42.0,1.0
2024,1w,venn_abers,pooled,Politics,ece,0.12446090558601848,42.0,1.0
2024,1w,venn_abers,pooled,Politics,log_loss,0.3621611968803274,42.0,1.0
2024,1w,venn_abers,pooled,Sports,brier,0.11228551048944442,40.0,1.0
2024,1w,venn_abers,pooled,Sports,ece,0.11295881625985009,40.0,1.0
2024,1w,venn_abers,pooled,Sports,log_loss,0.3595321884653796,40.0,1.0
2024,1w,venn_abers,pooled,Weather,brier,0.11948201027353281,40.0,1.0
2024,1w,venn_abers,pooled,Weather,ece,0.1422454770284537,40.0,1.0
2024,1w,venn_abers,pooled,Weather,log_loss,0.3816099896219923,40.0,1.0
2024,24h,binning10,per_domain,ALL,brier,0.16259468000741983,7618.0,4.0
2024,24h,binning10,per_domain,ALL,ece,0.02259620289087155,7618.0,4.0
2024,24h,binning10,per_domain,ALL,log_loss,0.5031932605909148,7618.0,4.0
2024,24h,binning10,per_domain,Entertainment,brier,0.13147249576064007,294.0,3.0
2024,24h,binning10,per_domain,Entertainment,ece,0.07073217662948972,294.0,3.0
2024,24h,binning10,per_domain,Entertainment,log_loss,0.5933713083347764,294.0,3.0
2024,24h,binning10,per_domain,Finance,brier,0.13545889917422974,1693.0,4.0
2024,24h,binning10,per_domain,Finance,ece,0.03964846988249566,1693.0,4.0
2024,24h,binning10,per_domain,Finance,log_loss,0.4343258049730488,1693.0,4.0
2024,24h,binning10,per_domain,Weather,brier,0.1723781641344211,5631.0,4.0
2024,24h,binning10,per_domain,Weather,ece,0.025474539642469506,5631.0,4.0
2024,24h,binning10,per_domain,Weather,log_loss,0.5191904646975304,5631.0,4.0
2024,24h,binning10,pooled,ALL,brier,0.16168492328522288,8402.0,4.0
2024,24h,binning10,pooled,ALL,ece,0.02211188045141918,8402.0,4.0
2024,24h,binning10,pooled,ALL,log_loss,0.4955791343667527,8402.0,4.0
2024,24h,binning10,pooled,Crypto,brier,0.15218599467185676,555.0,4.0
2024,24h,binning10,pooled,Crypto,ece,0.09006680600001545,554.0,3.0
2024,24h,binning10,pooled,Crypto,log_loss,0.47899342147047064,555.0,4.0
2024,24h,binning10,pooled,Entertainment,brier,0.13662121062208504,401.0,4.0
2024,24h,binning10,pooled,Entertainment,ece,0.08241195300014335,401.0,4.0
2024,24h,binning10,pooled,Entertainment,log_loss,0.43526850164752723,401.0,4.0
2024,24h,binning10,pooled,Finance,brier,0.13545271492040908,1693.0,4.0
2024,24h,binning10,pooled,Finance,ece,0.0362368549625735,1693.0,4.0
2024,24h,binning10,pooled,Finance,log_loss,0.4366172004979716,1693.0,4.0
2024,24h,binning10,pooled,Politics,brier,0.1433066788144295,69.0,4.0
2024,24h,binning10,pooled,Politics,ece,0.0631035102395036,29.0,1.0
2024,24h,binning10,pooled,Politics,log_loss,0.4599089736810649,69.0,4.0
2024,24h,binning10,pooled,Sports,brier,0.09972524320945264,53.0,4.0
2024,24h,binning10,pooled,Sports,ece,0.10892964495764959,37.0,1.0
2024,24h,binning10,pooled,Sports,log_loss,0.342614998343633,53.0,4.0
2024,24h,binning10,pooled,Weather,brier,0.17310128713400058,5631.0,4.0
2024,24h,binning10,pooled,Weather,ece,0.029934189520103974,5631.0,4.0
2024,24h,binning10,pooled,Weather,log_loss,0.5211128812526042,5631.0,4.0
2024,24h,conformal_marginal,pooled,ALL,avg_set_size,1.369792906450845,8402.0,4.0
2024,24h,conformal_marginal,pooled,ALL,coverage,0.9133539633420614,8402.0,4.0
2024,24h,conformal_marginal,pooled,Crypto,avg_set_size,1.2918918918918918,555.0,4.0
2024,24h,conformal_marginal,pooled,Crypto,coverage,0.9063063063063064,555.0,4.0
2024,24h,conformal_marginal,pooled,Entertainment,avg_set_size,1.2194513715710724,401.0,4.0
2024,24h,conformal_marginal,pooled,Entertainment,coverage,0.9002493765586035,401.0,4.0
2024,24h,conformal_marginal,pooled,Finance,avg_set_size,1.1783815711754282,1693.0,4.0
2024,24h,conformal_marginal,pooled,Finance,coverage,0.8930891907855877,1693.0,4.0
2024,24h,conformal_marginal,pooled,Politics,avg_set_size,1.2753623188405796,69.0,4.0
2024,24h,conformal_marginal,pooled,Politics,coverage,0.8985507246376812,69.0,4.0
2024,24h,conformal_marginal,pooled,Sports,avg_set_size,1.1132075471698113,53.0,4.0
2024,24h,conformal_marginal,pooled,Sports,coverage,0.9245283018867925,53.0,4.0
2024,24h,conformal_marginal,pooled,Weather,avg_set_size,1.4492985260166933,5631.0,4.0
2024,24h,conformal_marginal,pooled,Weather,coverage,0.9211507725093234,5631.0,4.0
2024,24h,conformal_mondrian,per_domain,ALL,avg_set_size,1.3694358486074745,8402.0,4.0
2024,24h,conformal_mondrian,per_domain,ALL,coverage,0.9112116162818377,8402.0,4.0
2024,24h,conformal_mondrian,per_domain,Crypto,avg_set_size,1.4720720720720721,555.0,4.0
2024,24h,conformal_mondrian,per_domain,Crypto,coverage,0.9387387387387387,555.0,4.0
2024,24h,conformal_mondrian,per_domain,Entertainment,avg_set_size,1.0798004987531171,401.0,4.0
2024,24h,conformal_mondrian,per_domain,Entertainment,coverage,0.8603491271820449,401.0,4.0
2024,24h,conformal_mondrian,per_domain,Finance,avg_set_size,1.2551683402244536,1693.0,4.0
2024,24h,conformal_mondrian,per_domain,Finance,coverage,0.9137625516834023,1693.0,4.0
2024,24h,conformal_mondrian,per_domain,Politics,avg_set_size,1.391304347826087,69.0,4.0
2024,24h,conformal_mondrian,per_domain,Politics,coverage,0.9130434782608695,69.0,4.0
2024,24h,conformal_mondrian,per_domain,Sports,avg_set_size,1.0566037735849056,53.0,4.0
2024,24h,conformal_mondrian,per_domain,Sports,coverage,0.8867924528301887,53.0,4.0
2024,24h,conformal_mondrian,per_domain,Weather,avg_set_size,1.4169774462795242,5631.0,4.0
2024,24h,conformal_mondrian,per_domain,Weather,coverage,0.9115610015982951,5631.0,4.0
2024,24h,platt,per_domain,ALL,brier,0.16077289049246146,7618.0,4.0
2024,24h,platt,per_domain,ALL,ece,0.026234087558793882,7618.0,4.0
2024,24h,platt,per_domain,ALL,log_loss,0.49217001715236414,7618.0,4.0
2024,24h,platt,per_domain,Entertainment,brier,0.13697949475011217,294.0,3.0
2024,24h,platt,per_domain,Entertainment,ece,0.09303379689433311,294.0,3.0
2024,24h,platt,per_domain,Entertainment,log_loss,0.4436952869400812,294.0,3.0
2024,24h,platt,per_domain,Finance,brier,0.1313834454605061,1693.0,4.0
2024,24h,platt,per_domain,Finance,ece,0.04259082327710237,1693.0,4.0
2024,24h,platt,per_domain,Finance,log_loss,0.4233131088383567,1693.0,4.0
2024,24h,platt,per_domain,Weather,brier,0.17085131151667585,5631.0,4.0
2024,24h,platt,per_domain,Weather,ece,0.028055945403105943,5631.0,4.0
2024,24h,platt,per_domain,Weather,log_loss,0.5154032468554409,5631.0,4.0
2024,24h,platt,pooled,ALL,brier,0.15835893561477568,8402.0,4.0
2024,24h,platt,pooled,ALL,ece,0.023026189336831825,8402.0,4.0
2024,24h,platt,pooled,ALL,log_loss,0.4857098431164519,8402.0,4.0
2024,24h,platt,pooled,Crypto,brier,0.14551208947417982,555.0,4.0
2024,24h,platt,pooled,Crypto,ece,0.07559380007257092,554.0,3.0
2024,24h,platt,pooled,Crypto,log_loss,0.4562071537631576,555.0,4.0
2024,24h,platt,pooled,Entertainment,brier,0.1277436132371609,401.0,4.0
2024,24h,platt,pooled,Entertainment,ece,0.09224184955084302,401.0,4.0
2024,24h,platt,pooled,Entertainment,log_loss,0.4051358338633375,401.0,4.0
2024,24h,platt,pooled,Finance,brier,0.13125965597655087,1693.0,4.0
2024,24h,platt,pooled,Finance,ece,0.04164616932912992,1693.0,4.0
2024,24h,platt,pooled,Finance,log_loss,0.4235369037497578,1693.0,4.0
2024,24h,platt,pooled,Politics,brier,0.14058773859620582,69.0,4.0
2024,24h,platt,pooled,Politics,ece,0.2181456372579576,29.0,1.0
2024,24h,platt,pooled,Politics,log_loss,0.45129816480126655,69.0,4.0
2024,24h,platt,pooled,Sports,brier,0.09003310466493,53.0,4.0
2024,24h,platt,pooled,Sports,ece,0.1599905894020885,37.0,1.0
2024,24h,platt,pooled,Sports,log_loss,0.30595926015334934,53.0,4.0
2024,24h,platt,pooled,Weather,brier,0.17081379371166655,5631.0,4.0
2024,24h,platt,pooled,Weather,ece,0.026752362700191046,5631.0,4.0
2024,24h,platt,pooled,Weather,log_loss,0.5151618309250441,5631.0,4.0
2024,24h,raw,per_domain,ALL,brier,0.1607181806248359,7618.0,4.0
2024,24h,raw,per_domain,ALL,ece,0.02457731688107109,7618.0,4.0
2024,24h,raw,per_domain,ALL,log_loss,0.49144044814982224,7618.0,4.0
2024,24h,raw,per_domain,Entertainment,brier,0.13612891156462587,294.0,3.0
2024,24h,raw,per_domain,Entertainment,ece,0.09268707482993195,294.0,3.0
2024,24h,raw,per_domain,Entertainment,log_loss,0.42839175867612245,294.0,3.0
2024,24h,raw,per_domain,Finance,brier,0.13112823390431183,1693.0,4.0
2024,24h,raw,per_domain,Finance,ece,0.04132900177200229,1693.0,4.0
2024,24h,raw,per_domain,Finance,log_loss,0.42318103445178795,1693.0,4.0
2024,24h,raw,per_domain,Weather,brier,0.17089843722251816,5631.0,4.0
2024,24h,raw,per_domain,Weather,ece,0.028135322322855556,5631.0,4.0
2024,24h,raw,per_domain,Weather,log_loss,0.5152549574902661,5631.0,4.0
2024,24h,raw,pooled,ALL,brier,0.1583089621518686,8402.0,4.0
2024,24h,raw,pooled,ALL,ece,0.02294810759343006,8402.0,4.0
2024,24h,raw,pooled,ALL,log_loss,0.48545932180010876,8402.0,4.0
2024,24h,raw,pooled,Crypto,brier,0.14408792792792782,555.0,4.0
2024,24h,raw,pooled,Crypto,ece,0.0673465703971119,554.0,3.0
2024,24h,raw,pooled,Crypto,log_loss,0.45241367379991904,555.0,4.0
2024,24h,raw,pooled,Entertainment,brier,0.12824364089775558,401.0,4.0
2024,24h,raw,pooled,Entertainment,ece,0.0927431421446384,401.0,4.0
2024,24h,raw,pooled,Entertainment,log_loss,0.40589106310434214,401.0,4.0
2024,24h,raw,pooled,Finance,brier,0.13112823390431183,1693.0,4.0
2024,24h,raw,pooled,Finance,ece,0.04132900177200229,1693.0,4.0
2024,24h,raw,pooled,Finance,log_loss,0.42318103445178795,1693.0,4.0
2024,24h,raw,pooled,Politics,brier,0.1399362318840579,69.0,4.0
2024,24h,raw,pooled,Politics,ece,0.21999999999999992,29.0,1.0
2024,24h,raw,pooled,Politics,log_loss,0.45047289112356426,69.0,4.0
2024,24h,raw,pooled,Sports,brier,0.08929433962264144,53.0,4.0
2024,24h,raw,pooled,Sports,ece,0.1564864864864864,37.0,1.0
2024,24h,raw,pooled,Sports,log_loss,0.30280245393634087,53.0,4.0
2024,24h,raw,pooled,Weather,brier,0.17089843722251816,5631.0,4.0
2024,24h,raw,pooled,Weather,ece,0.028135322322855556,5631.0,4.0
2024,24h,raw,pooled,Weather,log_loss,0.5152549574902661,5631.0,4.0
2024,24h,venn_abers,per_domain,ALL,brier,0.16122452688957578,7618.0,4.0
2024,24h,venn_abers,per_domain,ALL,ece,0.02235356547390753,7618.0,4.0
2024,24h,venn_abers,per_domain,ALL,log_loss,0.493354636306399,7618.0,4.0
2024,24h,venn_abers,per_domain,Entertainment,brier,0.132454515554213,294.0,3.0
2024,24h,venn_abers,per_domain,Entertainment,ece,0.08960997818145518,294.0,3.0
2024,24h,venn_abers,per_domain,Entertainment,log_loss,0.4249358220430043,294.0,3.0
2024,24h,venn_abers,per_domain,Finance,brier,0.13324070873415267,1693.0,4.0
2024,24h,venn_abers,per_domain,Finance,ece,0.036221549192882174,1693.0,4.0
2024,24h,venn_abers,per_domain,Finance,log_loss,0.4281278393768561,1693.0,4.0
2024,24h,venn_abers,per_domain,Weather,brier,0.17114017019799838,5631.0,4.0
2024,24h,venn_abers,per_domain,Weather,ece,0.026980838358207925,5631.0,4.0
2024,24h,venn_abers,per_domain,Weather,log_loss,0.5165377474048102,5631.0,4.0
2024,24h,venn_abers,pooled,ALL,brier,0.1586588812112444,8402.0,4.0
2024,24h,venn_abers,pooled,ALL,ece,0.022861738018463,8402.0,4.0
2024,24h,venn_abers,pooled,ALL,log_loss,0.4869407979817553,8402.0,4.0
2024,24h,venn_abers,pooled,Crypto,brier,0.14517427518709944,555.0,4.0
2024,24h,venn_abers,pooled,Crypto,ece,0.07627333404022979,554.0,3.0
2024,24h,venn_abers,pooled,Crypto,log_loss,0.4557519458801747,555.0,4.0
2024,24h,venn_abers,pooled,Entertainment,brier,0.1274109831434111,401.0,4.0
2024,24h,venn_abers,pooled,Entertainment,ece,0.10194957249386206,401.0,4.0
2024,24h,venn_abers,pooled,Entertainment,log_loss,0.4084054295286938,401.0,4.0
2024,24h,venn_abers,pooled,Finance,brier,0.13152234981790972,1693.0,4.0
2024,24h,venn_abers,pooled,Finance,ece,0.03304564851543098,1693.0,4.0
2024,24h,venn_abers,pooled,Finance,log_loss,0.4234432066269838,1693.0,4.0
2024,24h,venn_abers,pooled,Politics,brier,0.14116999436415945,69.0,4.0
2024,24h,venn_abers,pooled,Politics,ece,0.2172515054998237,29.0,1.0
2024,24h,venn_abers,pooled,Politics,log_loss,0.4600012581429376,69.0,4.0
2024,24h,venn_abers,pooled,Sports,brier,0.09169814896738046,53.0,4.0
2024,24h,venn_abers,pooled,Sports,ece,0.1505448402722806,37.0,1.0
2024,24h,venn_abers,pooled,Sports,log_loss,0.30932184004588936,53.0,4.0
2024,24h,venn_abers,pooled,Weather,brier,0.1712165375989003,5631.0,4.0
2024,24h,venn_abers,pooled,Weather,ece,0.025707222698766484,5631.0,4.0
2024,24h,venn_abers,pooled,Weather,log_loss,0.5167004411799728,5631.0,4.0
2025,1w,binning10,per_domain,ALL,brier,0.15881564268946008,3539.0,3.0
2025,1w,binning10,per_domain,ALL,ece,0.03754078794168097,3539.0,3.0
2025,1w,binning10,per_domain,ALL,log_loss,0.49655802943887345,3539.0,3.0
2025,1w,binning10,per_domain,Entertainment,brier,0.1567784260576005,979.0,3.0
2025,1w,binning10,per_domain,Entertainment,ece,0.07468169615931987,979.0,3.0
2025,1w,binning10,per_domain,Entertainment,log_loss,0.5040875362922522,979.0,3.0
2025,1w,binning10,per_domain,Finance,brier,0.12809308992847163,550.0,3.0
2025,1w,binning10,per_domain,Finance,ece,0.07744800493119795,550.0,3.0
2025,1w,binning10,per_domain,Finance,log_loss,0.39913995523618745,550.0,3.0
2025,1w,binning10,per_domain,Politics,brier,0.16777555856168286,414.0,2.0
2025,1w,binning10,per_domain,Politics,ece,0.07069835109176426,414.0,2.0
2025,1w,binning10,per_domain,Politics,log_loss,0.5085392441553426,414.0,2.0
2025,1w,binning10,per_domain,Sports,brier,0.16784867923381336,1501.0,2.0
2025,1w,binning10,per_domain,Sports,ece,0.02776293861383324,1501.0,2.0
2025,1w,binning10,per_domain,Sports,log_loss,0.5159929323641413,1501.0,2.0
2025,1w,binning10,per_domain,Weather,brier,0.17590875928903685,95.0,3.0
2025,1w,binning10,per_domain,Weather,ece,0.1371968382494698,95.0,3.0
2025,1w,binning10,per_domain,Weather,log_loss,0.6236795180554429,95.0,3.0
2025,1w,binning10,pooled,ALL,brier,0.15940082417334575,4011.0,3.0
2025,1w,binning10,pooled,ALL,ece,0.03468029095399693,4011.0,3.0
2025,1w,binning10,pooled,ALL,log_loss,0.4847239701752087,4011.0,3.0
2025,1w,binning10,pooled,Crypto,brier,0.1773265192172794,73.0,3.0
2025,1w,binning10,pooled,Crypto,ece,0.24585450451254398,63.0,2.0
2025,1w,binning10,pooled,Crypto,log_loss,0.5228360006005839,73.0,3.0
2025,1w,binning10,pooled,Entertainment,brier,0.15437022785405477,979.0,3.0
2025,1w,binning10,pooled,Entertainment,ece,0.05232324176957307,979.0,3.0
2025,1w,binning10,pooled,Entertainment,log_loss,0.47599544866709925,979.0,3.0
2025,1w,binning10,pooled,Finance,brier,0.1277889541415287,550.0,3.0
2025,1w,binning10,pooled,Finance,ece,0.07469442180237605,550.0,3.0
2025,1w,binning10,pooled,Finance,log_loss,0.400398708318921,550.0,3.0
2025,1w,binning10,pooled,Politics,brier,0.18537794634708962,657.0,3.0
2025,1w,binning10,pooled,Politics,ece,0.09638657014564202,657.0,3.0
2025,1w,binning10,pooled,Politics,log_loss,0.5599928849381076,657.0,3.0
2025,1w,binning10,pooled,Sports,brier,0.16100683962671897,1657.0,3.0
2025,1w,binning10,pooled,Sports,ece,0.05152840708062343,1657.0,3.0
2025,1w,binning10,pooled,Sports,log_loss,0.4846132144063158,1657.0,3.0
2025,1w,binning10,pooled,Weather,brier,0.17281945261006992,95.0,3.0
2025,1w,binning10,pooled,Weather,ece,0.14081285315929118,95.0,3.0
2025,1w,binning10,pooled,Weather,log_loss,0.5149743245560084,95.0,3.0
2025,1w,conformal_marginal,pooled,ALL,avg_set_size,1.3398155073547744,4011.0,3.0
2025,1w,conformal_marginal,pooled,ALL,coverage,0.9007728745948641,4011.0,3.0
2025,1w,conformal_marginal,pooled,Crypto,avg_set_size,1.4657534246575343,73.0,3.0
2025,1w,conformal_marginal,pooled,Crypto,coverage,0.9452054794520548,73.0,3.0
2025,1w,conformal_marginal,pooled,Entertainment,avg_set_size,1.3013278855975485,979.0,3.0
2025,1w,conformal_marginal,pooled,Entertainment,coverage,0.8958120531154239,979.0,3.0
2025,1w,conformal_marginal,pooled,Finance,avg_set_size,1.22,550.0,3.0
2025,1w,conformal_marginal,pooled,Finance,coverage,0.9,550.0,3.0
2025,1w,conformal_marginal,pooled,Politics,avg_set_size,1.2709284627092847,657.0,3.0
2025,1w,conformal_marginal,pooled,Politics,coverage,0.8432267884322678,657.0,3.0
2025,1w,conformal_marginal,pooled,Sports,avg_set_size,1.427278213639107,1657.0,3.0
2025,1w,conformal_marginal,pooled,Sports,coverage,0.9269764634882317,1657.0,3.0
2025,1w,conformal_marginal,pooled,Weather,avg_set_size,1.2842105263157895,95.0,3.0
2025,1w,conformal_marginal,pooled,Weather,coverage,0.8631578947368421,95.0,3.0
2025,1w,conformal_mondrian,per_domain,ALL,avg_set_size,1.3151333831962104,4011.0,3.0
2025,1w,conformal_mondrian,per_domain,ALL,coverage,0.9002742458239841,4011.0,3.0
2025,1w,conformal_mondrian,per_domain,Crypto,avg_set_size,1.4246575342465753,73.0,3.0
2025,1w,conformal_mondrian,per_domain,Crypto,coverage,0.9315068493150684,73.0,3.0
2025,1w,conformal_mondrian,per_domain,Entertainment,avg_set_size,1.250255362614913,979.0,3.0
2025,1w,conformal_mondrian,per_domain,Entertainment,coverage,0.8835546475995915,979.0,3.0
2025,1w,conformal_mondrian,per_domain,Finance,avg_set_size,1.2527272727272727,550.0,3.0
2025,1w,conformal_mondrian,per_domain,Finance,coverage,0.9109090909090909,550.0,3.0
2025,1w,conformal_mondrian,per_domain,Politics,avg_set_size,1.386605783866058,657.0,3.0
2025,1w,conformal_mondrian,per_domain,Politics,coverage,0.8964992389649924,657.0,3.0
2025,1w,conformal_mondrian,per_domain,Sports,avg_set_size,1.3391671695835847,1657.0,3.0
2025,1w,conformal_mondrian,per_domain,Sports,coverage,0.9070609535304769,1657.0,3.0
2025,1w,conformal_mondrian,per_domain,Weather,avg_set_size,1.3473684210526315,95.0,3.0
2025,1w,conformal_mondrian,per_domain,Weather,coverage,0.8947368421052632,95.0,3.0
2025,1w,platt,per_domain,ALL,brier,0.1564213819178343,3539.0,3.0
2025,1w,platt,per_domain,ALL,ece,0.02812735108073913,3539.0,3.0
2025,1w,platt,per_domain,ALL,log_loss,0.47687164492445605,3539.0,3.0
2025,1w,platt,per_domain,Entertainment,brier,0.15440332992103317,979.0,3.0
2025,1w,platt,per_domain,Entertainment,ece,0.0615740300384773,979.0,3.0
2025,1w,platt,per_domain,Entertainment,log_loss,0.4766892397061925,979.0,3.0
2025,1w,platt,per_domain,Finance,brier,0.12921454691634418,550.0,3.0
2025,1w,platt,per_domain,Finance,ece,0.08215258500468521,550.0,3.0
2025,1w,platt,per_domain,Finance,log_loss,0.4021883732621213,550.0,3.0
2025,1w,platt,per_domain,Politics,brier,0.16857276829237905,414.0,2.0
2025,1w,platt,per_domain,Politics,ece,0.09986268581086084,414.0,2.0
2025,1w,platt,per_domain,Politics,log_loss,0.5090157688385026,414.0,2.0
2025,1w,platt,per_domain,Sports,brier,0.16353624700929806,1501.0,2.0
2025,1w,platt,per_domain,Sports,ece,0.04842506010164429,1501.0,2.0
2025,1w,platt,per_domain,Sports,log_loss,0.4932230560817174,1501.0,2.0
2025,1w,platt,per_domain,Weather,brier,0.16936186291087887,95.0,3.0
2025,1w,platt,per_domain,Weather,ece,0.14880868944494013,95.0,3.0
2025,1w,platt,per_domain,Weather,log_loss,0.5126952099297154,95.0,3.0
2025,1w,platt,pooled,ALL,brier,0.1579251010634927,4011.0,3.0
2025,1w,platt,pooled,ALL,ece,0.030947151658197457,4011.0,3.0
2025,1w,platt,pooled,ALL,log_loss,0.4799367535340556,4011.0,3.0
2025,1w,platt,pooled,Crypto,brier,0.1797678086369805,73.0,3.0
2025,1w,platt,pooled,Crypto,ece,0.26661273223558607,63.0,2.0
2025,1w,platt,pooled,Crypto,log_loss,0.5259091210374645,73.0,3.0
2025,1w,platt,pooled,Entertainment,brier,0.15350962548138186,979.0,3.0
2025,1w,platt,pooled,Entertainment,ece,0.05523744784886388,979.0,3.0
2025,1w,platt,pooled,Entertainment,log_loss,0.47065290696506945,979.0,3.0
2025,1w,platt,pooled,Finance,brier,0.12631047657182023,550.0,3.0
2025,1w,platt,pooled,Finance,ece,0.0723619906076173,550.0,3.0
2025,1w,platt,pooled,Finance,log_loss,0.3954335621035747,550.0,3.0
2025,1w,platt,pooled,Politics,brier,0.18433335956811228,657.0,3.0
2025,1w,platt,pooled,Politics,ece,0.1002621759824982,657.0,3.0
2025,1w,platt,pooled,Politics,log_loss,0.5534773120326891,657.0,3.0
2025,1w,platt,pooled,Sports,brier,0.1587230738367763,1657.0,3.0
2025,1w,platt,pooled,Sports,ece,0.044991533911566274,1657.0,3.0
2025,1w,platt,pooled,Sports,log_loss,0.4799113699086201,1657.0,3.0
2025,1w,platt,pooled,Weather,brier,0.17312309779586763,95.0,3.0
2025,1w,platt,pooled,Weather,ece,0.1493483589695915,95.0,3.0
2025,1w,platt,pooled,Weather,log_loss,0.5213638270477133,95.0,3.0
2025,1w,raw,per_domain,ALL,brier,0.15579643967222379,3539.0,3.0
2025,1w,raw,per_domain,ALL,ece,0.03056795705001409,3539.0,3.0
2025,1w,raw,per_domain,ALL,log_loss,0.4738769596974158,3539.0,3.0
2025,1w,raw,per_domain,Entertainment,brier,0.15285944841675175,979.0,3.0
2025,1w,raw,per_domain,Entertainment,ece,0.05325842696629211,979.0,3.0
2025,1w,raw,per_domain,Entertainment,log_loss,0.46871049635523976,979.0,3.0
2025,1w,raw,per_domain,Finance,brier,0.1280383636363636,550.0,3.0
2025,1w,raw,per_domain,Finance,ece,0.07870909090909085,550.0,3.0
2025,1w,raw,per_domain,Finance,log_loss,0.40168000363821815,550.0,3.0
2025,1w,raw,per_domain,Politics,brier,0.16762705314009657,414.0,2.0
2025,1w,raw,per_domain,Politics,ece,0.0826570048309178,414.0,2.0
2025,1w,raw,per_domain,Politics,log_loss,0.5003272814683138,414.0,2.0
2025,1w,raw,per_domain,Sports,brier,0.16381505662891402,1501.0,2.0
2025,1w,raw,per_domain,Sports,ece,0.04882078614257154,1501.0,2.0
2025,1w,raw,per_domain,Sports,log_loss,0.4942292345446718,1501.0,2.0
2025,1w,raw,per_domain,Weather,brier,0.16851684210526313,95.0,3.0
2025,1w,raw,per_domain,Weather,ece,0.14368421052631575,95.0,3.0
2025,1w,raw,per_domain,Weather,log_loss,0.5082674405991608,95.0,3.0
2025,1w,raw,pooled,ALL,brier,0.1574953378209922,4011.0,3.0
2025,1w,raw,pooled,ALL,ece,0.029788082772375896,4011.0,3.0
2025,1w,raw,pooled,ALL,log_loss,0.4790424456456899,4011.0,3.0
2025,1w,raw,pooled,Crypto,brier,0.16854246575342466,73.0,3.0
2025,1w,raw,pooled,Crypto,ece,0.24904761904761905,63.0,2.0
2025,1w,raw,pooled,Crypto,log_loss,0.5026221875181945,73.0,3.0
2025,1w,raw,pooled,Entertainment,brier,0.15285944841675175,979.0,3.0
2025,1w,raw,pooled,Entertainment,ece,0.05325842696629211,979.0,3.0
2025,1w,raw,pooled,Entertainment,log_loss,0.46871049635523976,979.0,3.0
2025,1w,raw,pooled,Finance,brier,0.1280383636363636,550.0,3.0
2025,1w,raw,pooled,Finance,ece,0.07870909090909085,550.0,3.0
2025,1w,raw,pooled,Finance,log_loss,0.40168000363821815,550.0,3.0
2025,1w,raw,pooled,Politics,brier,0.18151217656012172,657.0,3.0
2025,1w,raw,pooled,Politics,ece,0.08926940639269401,657.0,3.0
2025,1w,raw,pooled,Politics,log_loss,0.5427795677617783,657.0,3.0
2025,1w,raw,pooled,Sports,brier,0.1593706095353047,1657.0,3.0
2025,1w,raw,pooled,Sports,ece,0.05214846107423047,1657.0,3.0
2025,1w,raw,pooled,Sports,log_loss,0.4828392691531838,1657.0,3.0
2025,1w,raw,pooled,Weather,brier,0.16851684210526313,95.0,3.0
2025,1w,raw,pooled,Weather,ece,0.14368421052631575,95.0,3.0
2025,1w,raw,pooled,Weather,log_loss,0.5082674405991608,95.0,3.0
2025,1w,venn_abers,per_domain,ALL,brier,0.15766125032589076,3539.0,3.0
2025,1w,venn_abers,per_domain,ALL,ece,0.039460159612130286,3539.0,3.0
2025,1w,venn_abers,per_domain,ALL,log_loss,0.4792847396523929,3539.0,3.0
2025,1w,venn_abers,per_domain,Entertainment,brier,0.15511551804667303,979.0,3.0
2025,1w,venn_abers,per_domain,Entertainment,ece,0.0593998860174333,979.0,3.0
2025,1w,venn_abers,per_domain,Entertainment,log_loss,0.47611942408943353,979.0,3.0
2025,1w,venn_abers,per_domain,Finance,brier,0.12866031703960482,550.0,3.0
2025,1w,venn_abers,per_domain,Finance,ece,0.08438458990941464,550.0,3.0
2025,1w,venn_abers,per_domain,Finance,log_loss,0.4047481703720168,550.0,3.0
2025,1w,venn_abers,per_domain,Politics,brier,0.16689118551162999,414.0,2.0
2025,1w,venn_abers,per_domain,Politics,ece,0.09372962860670729,414.0,2.0
2025,1w,venn_abers,per_domain,Politics,log_loss,0.5061095134015936,414.0,2.0
2025,1w,venn_abers,per_domain,Sports,brier,0.16650610596557833,1501.0,2.0
2025,1w,venn_abers,per_domain,Sports,ece,0.04441822648640734,1501.0,2.0
2025,1w,venn_abers,per_domain,Sports,log_loss,0.49900567529833234,1501.0,2.0
2025,1w,venn_abers,per_domain,Weather,brier,0.17182402639688482,95.0,3.0
2025,1w,venn_abers,per_domain,Weather,ece,0.14149667917253542,95.0,3.0
2025,1w,venn_abers,per_domain,Weather,log_loss,0.514941332322076,95.0,3.0
2025,1w,venn_abers,pooled,ALL,brier,0.15922668588807143,4011.0,3.0
2025,1w,venn_abers,pooled,ALL,ece,0.03515960290993807,4011.0,3.0
2025,1w,venn_abers,pooled,ALL,log_loss,0.48381833439526034,4011.0,3.0
2025,1w,venn_abers,pooled,Crypto,brier,0.1730700107385205,73.0,3.0
2025,1w,venn_abers,pooled,Crypto,ece,0.2568391130725292,63.0,2.0
2025,1w,venn_abers,pooled,Crypto,log_loss,0.5156396057826315,73.0,3.0
2025,1w,venn_abers,pooled,Entertainment,brier,0.15449705155445723,979.0,3.0
2025,1w,venn_abers,pooled,Entertainment,ece,0.05985070615627123,979.0,3.0
2025,1w,venn_abers,pooled,Entertainment,log_loss,0.4743734260493115,979.0,3.0
2025,1w,venn_abers,pooled,Finance,brier,0.1282126674146716,550.0,3.0
2025,1w,venn_abers,pooled,Finance,ece,0.06916109820880283,550.0,3.0
2025,1w,venn_abers,pooled,Finance,log_loss,0.40173966635431063,550.0,3.0
2025,1w,venn_abers,pooled,Politics,brier,0.1825996764123684,657.0,3.0
2025,1w,venn_abers,pooled,Politics,ece,0.09378982638146764,657.0,3.0
2025,1w,venn_abers,pooled,Politics,log_loss,0.5524437614304729,657.0,3.0
2025,1w,venn_abers,pooled,Sports,brier,0.1616340175277389,1657.0,3.0
2025,1w,venn_abers,pooled,Sports,ece,0.0488473924346141,1657.0,3.0
2025,1w,venn_abers,pooled,Sports,log_loss,0.48571748364425044,1657.0,3.0
2025,1w,venn_abers,pooled,Weather,brier,0.1732525401775808,95.0,3.0
2025,1w,venn_abers,pooled,Weather,ece,0.14020121159471624,95.0,3.0
2025,1w,venn_abers,pooled,Weather,log_loss,0.5241665871764881,95.0,3.0
2025,24h,binning10,per_domain,ALL,brier,0.17466165898428618,21027.0,3.0
2025,24h,binning10,per_domain,ALL,ece,0.023084502324350185,21027.0,3.0
2025,24h,binning10,per_domain,ALL,log_loss,0.5263774187533832,21027.0,3.0
2025,24h,binning10,per_domain,Crypto,brier,0.21233016925139203,1255.0,3.0
2025,24h,binning10,per_domain,Crypto,ece,0.09166339541153079,1255.0,3.0
2025,24h,binning10,per_domain,Crypto,log_loss,0.623023297642623,1255.0,3.0
2025,24h,binning10,per_domain,Entertainment,brier,0.15440818308007434,1830.0,3.0
2025,24h,binning10,per_domain,Entertainment,ece,0.060655701823368324,1830.0,3.0
2025,24h,binning10,per_domain,Entertainment,log_loss,0.49086220523519897,1830.0,3.0
2025,24h,binning10,per_domain,Finance,brier,0.15614923589522303,962.0,3.0
2025,24h,binning10,per_domain,Finance,ece,0.0550647984169899,962.0,3.0
2025,24h,binning10,per_domain,Finance,log_loss,0.4831441033580095,962.0,3.0
2025,24h,binning10,per_domain,Politics,brier,0.18020867162256524,850.0,2.0
2025,24h,binning10,per_domain,Politics,ece,0.06732872355497445,850.0,2.0
2025,24h,binning10,per_domain,Politics,log_loss,0.5345568981773706,850.0,2.0
2025,24h,binning10,per_domain,Sports,brier,0.19703021121609482,8056.0,2.0
2025,24h,binning10,per_domain,Sports,ece,0.032369369695811084,8056.0,2.0
2025,24h,binning10,per_domain,Sports,log_loss,0.5823686799300497,8056.0,2.0
2025,24h,binning10,per_domain,Weather,brier,0.1527001546505212,8074.0,3.0
2025,24h,binning10,per_domain,Weather,ece,0.01855733411915651,8074.0,3.0
2025,24h,binning10,per_domain,Weather,log_loss,0.4678283172662659,8074.0,3.0
2025,24h,binning10,pooled,ALL,brier,0.1733897098426702,21690.0,3.0
2025,24h,binning10,pooled,ALL,ece,0.01810166978245064,21690.0,3.0
2025,24h,binning10,pooled,ALL,log_loss,0.520128813166281,21690.0,3.0
2025,24h,binning10,pooled,Crypto,brier,0.2118720171234874,1255.0,3.0
2025,24h,binning10,pooled,Crypto,ece,0.07442782917002537,1255.0,3.0
2025,24h,binning10,pooled,Crypto,log_loss,0.6235736064105264,1255.0,3.0
2025,24h,binning10,pooled,Entertainment,brier,0.15470611694043368,1830.0,3.0
2025,24h,binning10,pooled,Entertainment,ece,0.03712978789958178,1830.0,3.0
2025,24h,binning10,pooled,Entertainment,log_loss,0.4790458925330127,1830.0,3.0
2025,24h,binning10,pooled,Finance,brier,0.15308642338918022,962.0,3.0
2025,24h,binning10,pooled,Finance,ece,0.03793387729974935,962.0,3.0
2025,24h,binning10,pooled,Finance,log_loss,0.47667105503058355,962.0,3.0
2025,24h,binning10,pooled,Politics,brier,0.1740317216028051,1099.0,3.0
2025,24h,binning10,pooled,Politics,ece,0.05957765571962007,1099.0,3.0
2025,24h,binning10,pooled,Politics,log_loss,0.5228575289839091,1099.0,3.0
2025,24h,binning10,pooled,Sports,brier,0.19400384009650223,8470.0,3.0
2025,24h,binning10,pooled,Sports,ece,0.024823860806702024,8470.0,3.0
2025,24h,binning10,pooled,Sports,log_loss,0.5686371742496794,8470.0,3.0
2025,24h,binning10,pooled,Weather,brier,0.15234935645743108,8074.0,3.0
2025,24h,binning10,pooled,Weather,ece,0.01604501244894872,8074.0,3.0
2025,24h,binning10,pooled,Weather,log_loss,0.4672801898697657,8074.0,3.0
2025,24h,conformal_marginal,pooled,ALL,avg_set_size,1.4040110650069155,21690.0,3.0
2025,24h,conformal_marginal,pooled,ALL,coverage,0.9068234209313047,21690.0,3.0
2025,24h,conformal_marginal,pooled,Crypto,avg_set_size,1.3864541832669324,1255.0,3.0
2025,24h,conformal_marginal,pooled,Crypto,coverage,0.852589641434263,1255.0,3.0
2025,24h,conformal_marginal,pooled,Entertainment,avg_set_size,1.2426229508196722,1830.0,3.0
2025,24h,conformal_marginal,pooled,Entertainment,coverage,0.8890710382513661,1830.0,3.0
2025,24h,conformal_marginal,pooled,Finance,avg_set_size,1.2203742203742203,962.0,3.0
2025,24h,conformal_marginal,pooled,Finance,coverage,0.8825363825363826,962.0,3.0
2025,24h,conformal_marginal,pooled,Politics,avg_set_size,1.3839854413102821,1099.0,3.0
2025,24h,conformal_marginal,pooled,Politics,coverage,0.9035486806187443,1099.0,3.0
2025,24h,conformal_marginal,pooled,Sports,avg_set_size,1.5017709563164108,8470.0,3.0
2025,24h,conformal_marginal,pooled,Sports,coverage,0.9067296340023612,8470.0,3.0
2025,24h,conformal_marginal,pooled,Weather,avg_set_size,1.36537032449839,8074.0,3.0
2025,24h,conformal_marginal,pooled,Weather,coverage,0.9227148872925439,8074.0,3.0
2025,24h,conformal_mondrian,per_domain,ALL,avg_set_size,1.4061318579990778,21690.0,3.0
2025,24h,conformal_mondrian,per_domain,ALL,coverage,0.9068695251267865,21690.0,3.0
2025,24h,conformal_mondrian,per_domain,Crypto,avg_set_size,1.4278884462151396,1255.0,3.0
2025,24h,conformal_mondrian,per_domain,Crypto,coverage,0.8677290836653386,1255.0,3.0
2025,24h,conformal_mondrian,per_domain,Entertainment,avg_set_size,1.3076502732240438,1830.0,3.0
2025,24h,conformal_mondrian,per_domain,Entertainment,coverage,0.9027322404371585,1830.0,3.0
2025,24h,conformal_mondrian,per_domain,Finance,avg_set_size,1.314968814968815,962.0,3.0
2025,24h,conformal_mondrian,per_domain,Finance,coverage,0.9085239085239085,962.0,3.0
2025,24h,conformal_mondrian,per_domain,Politics,avg_set_size,1.4795268425841674,1099.0,3.0
2025,24h,conformal_mondrian,per_domain,Politics,coverage,0.9317561419472248,1099.0,3.0
2025,24h,conformal_mondrian,per_domain,Sports,avg_set_size,1.486658795749705,8470.0,3.0
2025,24h,conformal_mondrian,per_domain,Sports,coverage,0.9018890200708383,8470.0,3.0
2025,24h,conformal_mondrian,per_domain,Weather,avg_set_size,1.341466435471885,8074.0,3.0
2025,24h,conformal_mondrian,per_domain,Weather,coverage,0.9155313351498637,8074.0,3.0
2025,24h,platt,per_domain,ALL,brier,0.17247228657377298,21027.0,3.0
2025,24h,platt,per_domain,ALL,ece,0.017052139975371753,21027.0,3.0
2025,24h,platt,per_domain,ALL,log_loss,0.5175172748906869,21027.0,3.0
2025,24h,platt,per_domain,Crypto,brier,0.2087109501928792,1255.0,3.0
2025,24h,platt,per_domain,Crypto,ece,0.08477639870823005,1255.0,3.0
2025,24h,platt,per_domain,Crypto,log_loss,0.6116720273092692,1255.0,3.0
2025,24h,platt,per_domain,Entertainment,brier,0.15163810315412368,1830.0,3.0
2025,24h,platt,per_domain,Entertainment,ece,0.04416230499845,1830.0,3.0
2025,24h,platt,per_domain,Entertainment,log_loss,0.47109876737901857,1830.0,3.0
2025,24h,platt,per_domain,Finance,brier,0.15219368929213103,962.0,3.0
2025,24h,platt,per_domain,Finance,ece,0.05307569440837978,962.0,3.0
2025,24h,platt,per_domain,Finance,log_loss,0.4717961454747281,962.0,3.0
2025,24h,platt,per_domain,Politics,brier,0.17384593999229395,850.0,2.0
2025,24h,platt,per_domain,Politics,ece,0.06298892360629378,850.0,2.0
2025,24h,platt,per_domain,Politics,log_loss,0.519188727954222,850.0,2.0
2025,24h,platt,per_domain,Sports,brier,0.19531884004403613,8056.0,2.0
2025,24h,platt,per_domain,Sports,ece,0.02664818331466433,8056.0,2.0
2025,24h,platt,per_domain,Sports,log_loss,0.5728338400979759,8056.0,2.0
2025,24h,platt,per_domain,Weather,brier,0.1510375086741863,8074.0,3.0
2025,24h,platt,per_domain,Weather,ece,0.019861407355418623,8074.0,3.0
2025,24h,platt,per_domain,Weather,log_loss,0.46348140624382755,8074.0,3.0
2025,24h,platt,pooled,ALL,brier,0.17128114324746327,21690.0,3.0
2025,24h,platt,pooled,ALL,ece,0.013395687351445628,21690.0,3.0
2025,24h,platt,pooled,ALL,log_loss,0.514163773412701,21690.0,3.0
2025,24h,platt,pooled,Crypto,brier,0.20829454540474795,1255.0,3.0
2025,24h,platt,pooled,Crypto,ece,0.07489035783278715,1255.0,3.0
2025,24h,platt,pooled,Crypto,log_loss,0.613587707223221,1255.0,3.0
2025,24h,platt,pooled,Entertainment,brier,0.1512242306417143,1830.0,3.0
2025,24h,platt,pooled,Entertainment,ece,0.045731505803104006,1830.0,3.0
2025,24h,platt,pooled,Entertainment,log_loss,0.4697493863686076,1830.0,3.0
2025,24h,platt,pooled,Finance,brier,0.15176830015182957,962.0,3.0
2025,24h,platt,pooled,Finance,ece,0.05076232298350645,962.0,3.0
2025,24h,platt,pooled,Finance,log_loss,0.47100018300268826,962.0,3.0
2025,24h,platt,pooled,Politics,brier,0.16999778720821418,1099.0,3.0
2025,24h,platt,pooled,Politics,ece,0.055397412786404164,1099.0,3.0
2025,24h,platt,pooled,Politics,log_loss,0.5091321931259647,1099.0,3.0
2025,24h,platt,pooled,Sports,brier,0.1916183371218205,8470.0,3.0
2025,24h,platt,pooled,Sports,ece,0.019107293048138047,8470.0,3.0
2025,24h,platt,pooled,Sports,log_loss,0.5620595854753959,8470.0,3.0
2025,24h,platt,pooled,Weather,brier,0.15123879268893675,8074.0,3.0
2025,24h,platt,pooled,Weather,ece,0.02328685934031978,8074.0,3.0
2025,24h,platt,pooled,Weather,log_loss,0.4643590723843408,8074.0,3.0
2025,24h,raw,per_domain,ALL,brier,0.17212181005374036,21027.0,3.0
2025,24h,raw,per_domain,ALL,ece,0.014930803252960409,21027.0,3.0
2025,24h,raw,per_domain,ALL,log_loss,0.5163778615561291,21027.0,3.0
2025,24h,raw,per_domain,Crypto,brier,0.2075482071713147,1255.0,3.0
2025,24h,raw,per_domain,Crypto,ece,0.07308366533864538,1255.0,3.0
2025,24h,raw,per_domain,Crypto,log_loss,0.6105075646404443,1255.0,3.0
2025,24h,raw,per_domain,Entertainment,brier,0.15130409836065573,1830.0,3.0
2025,24h,raw,per_domain,Entertainment,ece,0.04689071038251363,1830.0,3.0
2025,24h,raw,per_domain,Entertainment,log_loss,0.4698652904929169,1830.0,3.0
2025,24h,raw,per_domain,Finance,brier,0.1515893970893971,962.0,3.0
2025,24h,raw,per_domain,Finance,ece,0.048835758835758795,962.0,3.0
2025,24h,raw,per_domain,Finance,log_loss,0.47003144820299037,962.0,3.0
2025,24h,raw,per_domain,Politics,brier,0.17258705882352943,850.0,2.0
2025,24h,raw,per_domain,Politics,ece,0.05418823529411764,850.0,2.0
2025,24h,raw,per_domain,Politics,log_loss,0.5149192015814857,850.0,2.0
2025,24h,raw,per_domain,Sports,brier,0.19450662859980133,8056.0,2.0
2025,24h,raw,per_domain,Sports,ece,0.020059582919562974,8056.0,2.0
2025,24h,raw,per_domain,Sports,log_loss,0.5692322667403864,8056.0,2.0
2025,24h,raw,per_domain,Weather,brier,0.15139613574436458,8074.0,3.0
2025,24h,raw,per_domain,Weather,ece,0.02668813475352983,8074.0,3.0
2025,24h,raw,per_domain,Weather,log_loss,0.46522790492182775,8074.0,3.0
2025,24h,raw,pooled,ALL,brier,0.1713485338865836,21690.0,3.0
2025,24h,raw,pooled,ALL,ece,0.015525587828492332,21690.0,3.0
2025,24h,raw,pooled,ALL,log_loss,0.5144362384279605,21690.0,3.0
2025,24h,raw,pooled,Crypto,brier,0.2075482071713147,1255.0,3.0
2025,24h,raw,pooled,Crypto,ece,0.07308366533864538,1255.0,3.0
2025,24h,raw,pooled,Crypto,log_loss,0.6105075646404443,1255.0,3.0
2025,24h,raw,pooled,Entertainment,brier,0.15130409836065573,1830.0,3.0
2025,24h,raw,pooled,Entertainment,ece,0.04689071038251363,1830.0,3.0
2025,24h,raw,pooled,Entertainment,log_loss,0.4698652904929169,1830.0,3.0
2025,24h,raw,pooled,Finance,brier,0.1515893970893971,962.0,3.0
2025,24h,raw,pooled,Finance,ece,0.048835758835758795,962.0,3.0
2025,24h,raw,pooled,Finance,log_loss,0.47003144820299037,962.0,3.0
2025,24h,raw,pooled,Politics,brier,0.16999772520473155,1099.0,3.0
2025,24h,raw,pooled,Politics,ece,0.05440400363967241,1099.0,3.0
2025,24h,raw,pooled,Politics,log_loss,0.5092881429673607,1099.0,3.0
2025,24h,raw,pooled,Sports,brier,0.19175458087367175,8470.0,3.0
2025,24h,raw,pooled,Sports,ece,0.02192089728453356,8470.0,3.0
2025,24h,raw,pooled,Sports,log_loss,0.5624502372662838,8470.0,3.0
2025,24h,raw,pooled,Weather,brier,0.15139613574436458,8074.0,3.0
2025,24h,raw,pooled,Weather,ece,0.02668813475352983,8074.0,3.0
2025,24h,raw,pooled,Weather,log_loss,0.46522790492182775,8074.0,3.0
2025,24h,venn_abers,per_domain,ALL,brier,0.1733187496238797,21027.0,3.0
2025,24h,venn_abers,per_domain,ALL,ece,0.020486009743796434,21027.0,3.0
2025,24h,venn_abers,per_domain,ALL,log_loss,0.5191083901248151,21027.0,3.0
2025,24h,venn_abers,per_domain,Crypto,brier,0.21008495064353075,1255.0,3.0
2025,24h,venn_abers,per_domain,Crypto,ece,0.08629394667676055,1255.0,3.0
2025,24h,venn_abers,per_domain,Crypto,log_loss,0.6152127313001804,1255.0,3.0
2025,24h,venn_abers,per_domain,Entertainment,brier,0.15384925030712052,1830.0,3.0
2025,24h,venn_abers,per_domain,Entertainment,ece,0.040863936940397555,1830.0,3.0
2025,24h,venn_abers,per_domain,Entertainment,log_loss,0.4757817130103612,1830.0,3.0
2025,24h,venn_abers,per_domain,Finance,brier,0.15331646058678805,962.0,3.0
2025,24h,venn_abers,per_domain,Finance,ece,0.05101683126748069,962.0,3.0
2025,24h,venn_abers,per_domain,Finance,log_loss,0.4746686251385886,962.0,3.0
2025,24h,venn_abers,per_domain,Politics,brier,0.1769070274529432,850.0,2.0
2025,24h,venn_abers,per_domain,Politics,ece,0.07005019431903009,850.0,2.0
2025,24h,venn_abers,per_domain,Politics,log_loss,0.5266544484725448,850.0,2.0
2025,24h,venn_abers,per_domain,Sports,brier,0.19566167624925304,8056.0,2.0
2025,24h,venn_abers,per_domain,Sports,ece,0.031845769248676124,8056.0,2.0
2025,24h,venn_abers,per_domain,Sports,log_loss,0.5721407300962914,8056.0,2.0
2025,24h,venn_abers,per_domain,Weather,brier,0.15172909771342363,8074.0,3.0
2025,24h,venn_abers,per_domain,Weather,ece,0.017319176328260022,8074.0,3.0
2025,24h,venn_abers,per_domain,Weather,log_loss,0.4655767136887656,8074.0,3.0
2025,24h,venn_abers,pooled,ALL,brier,0.17176734355409862,21690.0,3.0
2025,24h,venn_abers,pooled,ALL,ece,0.01753274601181503,21690.0,3.0
2025,24h,venn_abers,pooled,ALL,log_loss,0.515540476951529,21690.0,3.0
2025,24h,venn_abers,pooled,Crypto,brier,0.20867087415239008,1255.0,3.0
2025,24h,venn_abers,pooled,Crypto,ece,0.07481322816441588,1255.0,3.0
2025,24h,venn_abers,pooled,Crypto,log_loss,0.614432712166269,1255.0,3.0
2025,24h,venn_abers,pooled,Entertainment,brier,0.15184036456690217,1830.0,3.0
2025,24h,venn_abers,pooled,Entertainment,ece,0.04283543415442413,1830.0,3.0
2025,24h,venn_abers,pooled,Entertainment,log_loss,0.4717868512725084,1830.0,3.0
2025,24h,venn_abers,pooled,Finance,brier,0.15207918699183834,962.0,3.0
2025,24h,venn_abers,pooled,Finance,ece,0.04688975975530332,962.0,3.0
2025,24h,venn_abers,pooled,Finance,log_loss,0.47177947506369,962.0,3.0
2025,24h,venn_abers,pooled,Politics,brier,0.17067556196611283,1099.0,3.0
2025,24h,venn_abers,pooled,Politics,ece,0.06352473474112807,1099.0,3.0
2025,24h,venn_abers,pooled,Politics,log_loss,0.5111516703109154,1099.0,3.0
2025,24h,venn_abers,pooled,Sports,brier,0.19207163248730078,8470.0,3.0
2025,24h,venn_abers,pooled,Sports,ece,0.01815398379758054,8470.0,3.0
2025,24h,venn_abers,pooled,Sports,log_loss,0.5632183309740798,8470.0,3.0
2025,24h,venn_abers,pooled,Weather,brier,0.15174195192164666,8074.0,3.0
2025,24h,venn_abers,pooled,Weather,ece,0.020567173641928303,8074.0,3.0
2025,24h,venn_abers,pooled,Weather,log_loss,0.4658809944820268,8074.0,3.0
