tau,test_quarter,cal_start,cal_end,test_start,test_end,domain,n_cal,n_test,meets_200_test,per_domain_fit_ran
1mo,2025Q2,2024-04-01,2025-04-01,2025-04-01,2025-06-30,ALL,1351,583,True,True
1mo,2025Q2,2024-04-01,2025-04-01,2025-04-01,2025-06-30,Crypto,28,9,False,False
1mo,2025Q2,2024-04-01,2025-04-01,2025-04-01,2025-06-30,Entertainment,486,103,False,True
1mo,2025Q2,2024-04-01,2025-04-01,2025-04-01,2025-06-30,Finance,290,189,False,True
1mo,2025Q2,2024-04-01,2025-04-01,2025-04-01,2025-06-30,Politics,311,120,False,True
1mo,2025Q2,2024-04-01,2025-04-01,2025-04-01,2025-06-30,Sports,54,116,False,False
1mo,2025Q2,2024-04-01,2025-04-01,2025-04-01,2025-06-30,Weather,182,46,False,True
1mo,2025Q3,2024-07-01,2025-07-01,2025-07-01,2025-09-30,ALL,1746,714,True,True
1mo,2025Q3,2024-07-01,2025-07-01,2025-07-01,2025-09-30,Crypto,33,12,False,False
1mo,2025Q3,2024-07-01,2025-07-01,2025-07-01,2025-09-30,Entertainment,547,165,False,True
1mo,2025Q3,2024-07-01,2025-07-01,2025-07-01,2025-09-30,Finance,401,152,False,True
1mo,2025Q3,2024-07-01,2025-07-01,2025-07-01,2025-09-30,Politics,410,107,False,True
1mo,2025Q3,2024-07-01,2025-07-01,2025-07-01,2025-09-30,Sports,167,239,True,True
1mo,2025Q3,2024-07-01,2025-07-01,2025-07-01,2025-09-30,Weather,188,39,False,True
1w,2024Q4,2023-10-01,2024-10-01,2024-10-01,2024-12-31,ALL,1036,403,True,True
1w,2024Q4,2023-10-01,2024-10-01,2024-10-01,2024-12-31,Crypto,10,16,False,False
1w,2024Q4,2023-10-01,2024-10-01,2024-10-01,2024-12-31,Entertainment,378,155,False,True
1w,2024Q4,2023-10-01,2024-10-01,2024-10-01,2024-12-31,Finance,450,110,False,True
1w,2024Q4,2023-10-01,2024-10-01,2024-10-01,2024-12-31,Politics,58,42,False,False
1w,2024Q4,2023-10-01,2024-10-01,2024-10-01,2024-12-31,Sports,17,40,False,False
1w,2024Q4,2023-10-01,2024-10-01,2024-10-01,2024-12-31,Weather,123,40,False,True
1w,2025Q1,2024-01-01,2025-01-01,2025-01-01,2025-03-31,ALL,1319,1003,True,True
1w,2025Q1,2024-01-01,2025-01-01,2025-01-01,2025-03-31,Crypto,26,10,False,False
1w,2025Q1,2024-01-01,2025-01-01,2025-01-01,2025-03-31,Entertainment,523,418,True,True
1w,2025Q1,2024-01-01,2025-01-01,2025-01-01,2025-03-31,Finance,468,150,False,True
1w,2025Q1,2024-01-01,2025-01-01,2025-01-01,2025-03-31,Politics,94,243,True,False
1w,2025Q1,2024-01-01,2025-01-01,2025-01-01,2025-03-31,Sports,56,156,False,False
1w,2025Q1,2024-01-01,2025-01-01,2025-01-01,2025-03-31,Weather,152,26,False,True
1w,2025Q2,2024-04-01,2025-04-01,2025-04-01,2025-06-30,ALL,2072,949,True,True
1w,2025Q2,2024-04-01,2025-04-01,2025-04-01,2025-06-30,Crypto,36,20,False,False
1w,2025Q2,2024-04-01,2025-04-01,2025-04-01,2025-06-30,Entertainment,830,223,True,True
1w,2025Q2,2024-04-01,2025-04-01,2025-04-01,2025-06-30,Finance,519,219,True,True
1w,2025Q2,2024-04-01,2025-04-01,2025-04-01,2025-06-30,Politics,329,154,False,True
1w,2025Q2,2024-04-01,2025-04-01,2025-04-01,2025-06-30,Sports,210,302,True,True
1w,2025Q2,2024-04-01,2025-04-01,2025-04-01,2025-06-30,Weather,148,31,False,True
1w,2025Q3,2024-07-01,2025-07-01,2025-07-01,2025-09-30,ALL,2681,2059,True,True
1w,2025Q3,2024-07-01,2025-07-01,2025-07-01,2025-09-30,Crypto,47,43,False,False
1w,2025Q3,2024-07-01,2025-07-01,2025-07-01,2025-09-30,Entertainment,929,338,True,True
1w,2025Q3,2024-07-01,2025-07-01,2025-07-01,2025-09-30,Finance,592,181,False,True
1w,2025Q3,2024-07-01,2025-07-01,2025-07-01,2025-09-30,Politics,460,260,True,True
1w,2025Q3,2024-07-01,2025-07-01,2025-07-01,2025-09-30,Sports,507,1199,True,True
1w,2025Q3,2024-07-01,2025-07-01,2025-07-01,2025-09-30,Weather,146,38,False,True
24h,2022Q2,2021-04-01,2022-04-01,2022-04-01,2022-06-30,ALL,1116,963,True,True
24h,2022Q2,2021-04-01,2022-04-01,2022-04-01,2022-06-30,Crypto,0,0,False,False
24h,2022Q2,2021-04-01,2022-04-01,2022-04-01,2022-06-30,Entertainment,25,9,False,False
24h,2022Q2,2021-04-01,2022-04-01,2022-04-01,2022-06-30,Finance,77,240,True,False
24h,2022Q2,2021-04-01,2022-04-01,2022-04-01,2022-06-30,Politics,1,0,False,False
24h,2022Q2,2021-04-01,2022-04-01,2022-04-01,2022-06-30,Sports,3,0,False,False
24h,2022Q2,2021-04-01,2022-04-01,2022-04-01,2022-06-30,Weather,1010,714,True,True
24h,2022Q3,2021-07-01,2022-07-01,2022-07-01,2022-09-30,ALL,2079,1152,True,True
24h,2022Q3,2021-07-01,2022-07-01,2022-07-01,2022-09-30,Crypto,0,0,False,False
24h,2022Q3,2021-07-01,2022-07-01,2022-07-01,2022-09-30,Entertainment,34,0,False,False
24h,2022Q3,2021-07-01,2022-07-01,2022-07-01,2022-09-30,Finance,317,416,True,True
24h,2022Q3,2021-07-01,2022-07-01,2022-07-01,2022-09-30,Politics,1,1,False,False
24h,2022Q3,2021-07-01,2022-07-01,2022-07-01,2022-09-30,Sports,3,0,False,False
24h,2022Q3,2021-07-01,2022-07-01,2022-07-01,2022-09-30,Weather,1724,735,True,True
24h,2022Q4,2021-10-01,2022-10-01,2022-10-01,2022-12-31,ALL,3043,1060,True,True
24h,2022Q4,2021-10-01,2022-10-01,2022-10-01,2022-12-31,Crypto,0,0,False,False
24h,2022Q4,2021-10-01,2022-10-01,2022-10-01,2022-12-31,Entertainment,34,0,False,False
24h,2022Q4,2021-10-01,2022-10-01,2022-10-01,2022-12-31,Finance,718,384,True,True
24h,2022Q4,2021-10-01,2022-10-01,2022-10-01,2022-12-31,Politics,2,1,False,False
24h,2022Q4,2021-10-01,2022-10-01,2022-10-01,2022-12-31,Sports,3,0,False,False
24h,2022Q4,2021-10-01,2022-10-01,2022-10-01,2022-12-31,Weather,2286,675,True,True
24h,2023Q1,2022-01-01,2023-01-01,2023-01-01,2023-03-31,ALL,3698,1054,True,True
24h,2023Q1,2022-01-01,2023-01-01,2023-01-01,2023-03-31,Crypto,0,0,False,False
24h,2023Q1,2022-01-01,2023-01-01,2023-01-01,2023-03-31,Entertainment,34,26,False,False
24h,2023Q1,2022-01-01,2023-01-01,2023-01-01,2023-03-31,Finance,1086,373,True,True
24h,2023Q1,2022-01-01,2023-01-01,2023-01-01,2023-03-31,Politics,2,2,False,False
24h,2023Q1,2022-01-01,2023-01-01,2023-01-01,2023-03-31,Sports,0,0,False,False
24h,2023Q1,2022-01-01,2023-01-01,2023-01-01,2023-03-31,Weather,2576,653,True,True
24h,2023Q2,2022-04-01,2023-04-01,2023-04-01,2023-06-30,ALL,4229,1287,True,True
24h,2023Q2,2022-04-01,2023-04-01,2023-04-01,2023-06-30,Crypto,0,0,False,False
24h,2023Q2,2022-04-01,2023-04-01,2023-04-01,2023-06-30,Entertainment,35,3,False,False
24h,2023Q2,2022-04-01,2023-04-01,2023-04-01,2023-06-30,Finance,1413,391,True,True
24h,2023Q2,2022-04-01,2023-04-01,2023-04-01,2023-06-30,Politics,4,4,False,False
24h,2023Q2,2022-04-01,2023-04-01,2023-04-01,2023-06-30,Sports,0,0,False,False
24h,2023Q2,2022-04-01,2023-04-01,2023-04-01,2023-06-30,Weather,2777,889,True,True
24h,2023Q3,2022-07-01,2023-07-01,2023-07-01,2023-09-30,ALL,4553,1433,True,True
24h,2023Q3,2022-07-01,2023-07-01,2023-07-01,2023-09-30,Crypto,0,0,False,False
24h,2023Q3,2022-07-01,2023-07-01,2023-07-01,2023-09-30,Entertainment,29,7,False,False
24h,2023Q3,2022-07-01,2023-07-01,2023-07-01,2023-09-30,Finance,1564,502,True,True
24h,2023Q3,2022-07-01,2023-07-01,2023-07-01,2023-09-30,Politics,8,0,False,False
24h,2023Q3,2022-07-01,2023-07-01,2023-07-01,2023-09-30,Sports,0,0,False,False
24h,2023Q3,2022-07-01,2023-07-01,2023-07-01,2023-09-30,Weather,2952,924,True,True
24h,2023Q4,2022-10-01,2023-10-01,2023-10-01,2023-12-31,ALL,4834,1305,True,True
24h,2023Q4,2022-10-01,2023-10-01,2023-10-01,2023-12-31,Crypto,0,0,False,False
24h,2023Q4,2022-10-01,2023-10-01,2023-10-01,2023-12-31,Entertainment,36,21,False,False
24h,2023Q4,2022-10-01,2023-10-01,2023-10-01,2023-12-31,Finance,1650,321,True,True
24h,2023Q4,2022-10-01,2023-10-01,2023-10-01,2023-12-31,Politics,7,5,False,False
24h,2023Q4,2022-10-01,2023-10-01,2023-10-01,2023-12-31,Sports,0,0,False,False
24h,2023Q4,2022-10-01,2023-10-01,2023-10-01,2023-12-31,Weather,3141,958,True,True
24h,2024Q1,2023-01-01,2024-01-01,2024-01-01,2024-03-31,ALL,5079,1643,True,True
24h,2024Q1,2023-01-01,2024-01-01,2024-01-01,2024-03-31,Crypto,0,1,False,False
24h,2024Q1,2023-01-01,2024-01-01,2024-01-01,2024-03-31,Entertainment,57,107,False,False
24h,2024Q1,2023-01-01,2024-01-01,2024-01-01,2024-03-31,Finance,1587,408,True,True
24h,2024Q1,2023-01-01,2024-01-01,2024-01-01,2024-03-31,Politics,11,6,False,False
24h,2024Q1,2023-01-01,2024-01-01,2024-01-01,2024-03-31,Sports,0,2,False,False
24h,2024Q1,2023-01-01,2024-01-01,2024-01-01,2024-03-31,Weather,3424,1119,True,True
24h,2024Q2,2023-04-01,2024-04-01,2024-04-01,2024-06-30,ALL,5668,2067,True,True
24h,2024Q2,2023-04-01,2024-04-01,2024-04-01,2024-06-30,Crypto,1,30,False,False
24h,2024Q2,2023-04-01,2024-04-01,2024-04-01,2024-06-30,Entertainment,138,52,False,True
24h,2024Q2,2023-04-01,2024-04-01,2024-04-01,2024-06-30,Finance,1622,627,True,True
24h,2024Q2,2023-04-01,2024-04-01,2024-04-01,2024-06-30,Politics,15,19,False,False
24h,2024Q2,2023-04-01,2024-04-01,2024-04-01,2024-06-30,Sports,2,5,False,False
24h,2024Q2,2023-04-01,2024-04-01,2024-04-01,2024-06-30,Weather,3890,1334,True,True
24h,2024Q3,2023-07-01,2024-07-01,2024-07-01,2024-09-30,ALL,6448,1834,True,True
24h,2024Q3,2023-07-01,2024-07-01,2024-07-01,2024-09-30,Crypto,31,43,False,False
24h,2024Q3,2023-07-01,2024-07-01,2024-07-01,2024-09-30,Entertainment,187,43,False,True
24h,2024Q3,2023-07-01,2024-07-01,2024-07-01,2024-09-30,Finance,1858,359,True,True
24h,2024Q3,2023-07-01,2024-07-01,2024-07-01,2024-09-30,Politics,30,15,False,False
24h,2024Q3,2023-07-01,2024-07-01,2024-07-01,2024-09-30,Sports,7,9,False,False
24h,2024Q3,2023-07-01,2024-07-01,2024-07-01,2024-09-30,Weather,4335,1365,True,True
24h,2024Q4,2023-10-01,2024-10-01,2024-10-01,2024-12-31,ALL,6849,2858,True,True
24h,2024Q4,2023-10-01,2024-10-01,2024-10-01,2024-12-31,Crypto,74,481,True,False
24h,2024Q4,2023-10-01,2024-10-01,2024-10-01,2024-12-31,Entertainment,223,199,False,True
24h,2024Q4,2023-10-01,2024-10-01,2024-10-01,2024-12-31,Finance,1715,299,True,True
24h,2024Q4,2023-10-01,2024-10-01,2024-10-01,2024-12-31,Politics,45,29,False,False
24h,2024Q4,2023-10-01,2024-10-01,2024-10-01,2024-12-31,Sports,16,37,False,False
24h,2024Q4,2023-10-01,2024-10-01,2024-10-01,2024-12-31,Weather,4776,1813,True,True
24h,2025Q1,2024-01-01,2025-01-01,2025-01-01,2025-03-31,ALL,8402,4682,True,True
24h,2025Q1,2024-01-01,2025-01-01,2025-01-01,2025-03-31,Crypto,555,436,True,True
24h,2025Q1,2024-01-01,2025-01-01,2025-01-01,2025-03-31,Entertainment,401,683,True,True
24h,2025Q1,2024-01-01,2025-01-01,2025-01-01,2025-03-31,Finance,1693,277,True,True
24h,2025Q1,2024-01-01,2025-01-01,2025-01-01,2025-03-31,Politics,69,249,True,False
24h,2025Q1,2024-01-01,2025-01-01,2025-01-01,2025-03-31,Sports,53,414,True,False
24h,2025Q1,2024-01-01,2025-01-01,2025-01-01,2025-03-31,Weather,5631,2623,True,True
24h,2025Q2,2024-04-01,2025-04-01,2025-04-01,2025-06-30,ALL,11441,6188,True,True
24h,2025Q2,2024-04-01,2025-04-01,2025-04-01,2025-06-30,Crypto,990,380,True,True
24h,2025Q2,2024-04-01,2025-04-01,2025-04-01,2025-06-30,Entertainment,977,468,True,True
24h,2025Q2,2024-04-01,2025-04-01,2025-04-01,2025-06-30,Finance,1562,354,True,True
24h,2025Q2,2024-04-01,2025-04-01,2025-04-01,2025-06-30,Politics,312,407,True,True
24h,2025Q2,2024-04-01,2025-04-01,2025-04-01,2025-06-30,Sports,465,1832,True,True
24h,2025Q2,2024-04-01,2025-04-01,2025-04-01,2025-06-30,Weather,7135,2747,True,True
24h,2025Q3,2024-07-01,2025-07-01,2025-07-01,2025-09-30,ALL,15562,10820,True,True
24h,2025Q3,2024-07-01,2025-07-01,2025-07-01,2025-09-30,Crypto,1340,439,True,True
24h,2025Q3,2024-07-01,2025-07-01,2025-07-01,2025-09-30,Entertainment,1393,679,True,True
24h,2025Q3,2024-07-01,2025-07-01,2025-07-01,2025-09-30,Finance,1289,331,True,True
24h,2025Q3,2024-07-01,2025-07-01,2025-07-01,2025-09-30,Politics,700,443,True,True
24h,2025Q3,2024-07-01,2025-07-01,2025-07-01,2025-09-30,Sports,2292,6224,True,True
24h,2025Q3,2024-07-01,2025-07-01,2025-07-01,2025-09-30,Weather,8548,2704,True,True
6h,2022Q3,2021-07-01,2022-07-01,2022-07-01,2022-09-30,ALL,1219,1210,True,True
6h,2022Q3,2021-07-01,2022-07-01,2022-07-01,2022-09-30,Crypto,0,0,False,False
6h,2022Q3,2021-07-01,2022-07-01,2022-07-01,2022-09-30,Entertainment,17,0,False,False
6h,2022Q3,2021-07-01,2022-07-01,2022-07-01,2022-09-30,Finance,611,1076,True,True
6h,2022Q3,2021-07-01,2022-07-01,2022-07-01,2022-09-30,Politics,1,1,False,False
6h,2022Q3,2021-07-01,2022-07-01,2022-07-01,2022-09-30,Sports,3,0,False,False
6h,2022Q3,2021-07-01,2022-07-01,2022-07-01,2022-09-30,Weather,587,133,False,True
6h,2022Q4,2021-10-01,2022-10-01,2022-10-01,2022-12-31,ALL,2352,1388,True,True
6h,2022Q4,2021-10-01,2022-10-01,2022-10-01,2022-12-31,Crypto,0,0,False,False
6h,2022Q4,2021-10-01,2022-10-01,2022-10-01,2022-12-31,Entertainment,17,0,False,False
6h,2022Q4,2021-10-01,2022-10-01,2022-10-01,2022-12-31,Finance,1677,1228,True,True
6h,2022Q4,2021-10-01,2022-10-01,2022-10-01,2022-12-31,Politics,2,1,False,False
6h,2022Q4,2021-10-01,2022-10-01,2022-10-01,2022-12-31,Sports,3,0,False,False
6h,2022Q4,2021-10-01,2022-10-01,2022-10-01,2022-12-31,Weather,653,159,False,True
6h,2023Q1,2022-01-01,2023-01-01,2023-01-01,2023-03-31,ALL,3588,1225,True,True
6h,2023Q1,2022-01-01,2023-01-01,2023-01-01,2023-03-31,Crypto,0,0,False,False
6h,2023Q1,2022-01-01,2023-01-01,2023-01-01,2023-03-31,Entertainment,17,13,False,False
6h,2023Q1,2022-01-01,2023-01-01,2023-01-01,2023-03-31,Finance,2891,1056,True,True
6h,2023Q1,2022-01-01,2023-01-01,2023-01-01,2023-03-31,Politics,2,4,False,False
6h,2023Q1,2022-01-01,2023-01-01,2023-01-01,2023-03-31,Sports,0,0,False,False
6h,2023Q1,2022-01-01,2023-01-01,2023-01-01,2023-03-31,Weather,678,152,False,True
6h,2023Q2,2022-04-01,2023-04-01,2023-04-01,2023-06-30,ALL,4603,1479,True,True
6h,2023Q2,2022-04-01,2023-04-01,2023-04-01,2023-06-30,Crypto,0,0,False,False
6h,2023Q2,2022-04-01,2023-04-01,2023-04-01,2023-06-30,Entertainment,17,3,False,False
6h,2023Q2,2022-04-01,2023-04-01,2023-04-01,2023-06-30,Finance,3908,1089,True,True
6h,2023Q2,2022-04-01,2023-04-01,2023-04-01,2023-06-30,Politics,6,4,False,False
6h,2023Q2,2022-04-01,2023-04-01,2023-04-01,2023-06-30,Sports,0,0,False,False
6h,2023Q2,2022-04-01,2023-04-01,2023-04-01,2023-06-30,Weather,672,383,True,True
6h,2023Q3,2022-07-01,2023-07-01,2023-07-01,2023-09-30,ALL,5302,2062,True,True
6h,2023Q3,2022-07-01,2023-07-01,2023-07-01,2023-09-30,Crypto,0,0,False,False
6h,2023Q3,2022-07-01,2023-07-01,2023-07-01,2023-09-30,Entertainment,16,6,False,False
6h,2023Q3,2022-07-01,2023-07-01,2023-07-01,2023-09-30,Finance,4449,1487,True,True
6h,2023Q3,2022-07-01,2023-07-01,2023-07-01,2023-09-30,Politics,10,0,False,False
6h,2023Q3,2022-07-01,2023-07-01,2023-07-01,2023-09-30,Sports,0,0,False,False
6h,2023Q3,2022-07-01,2023-07-01,2023-07-01,2023-09-30,Weather,827,569,True,True
6h,2023Q4,2022-10-01,2023-10-01,2023-10-01,2023-12-31,ALL,6154,1901,True,True
6h,2023Q4,2022-10-01,2023-10-01,2023-10-01,2023-12-31,Crypto,0,0,False,False
6h,2023Q4,2022-10-01,2023-10-01,2023-10-01,2023-12-31,Entertainment,22,21,False,False
6h,2023Q4,2022-10-01,2023-10-01,2023-10-01,2023-12-31,Finance,4860,1244,True,True
6h,2023Q4,2022-10-01,2023-10-01,2023-10-01,2023-12-31,Politics,9,4,False,False
6h,2023Q4,2022-10-01,2023-10-01,2023-10-01,2023-12-31,Sports,0,0,False,False
6h,2023Q4,2022-10-01,2023-10-01,2023-10-01,2023-12-31,Weather,1263,632,True,True
6h,2024Q1,2023-01-01,2024-01-01,2024-01-01,2024-03-31,ALL,6667,2108,True,True
6h,2024Q1,2023-01-01,2024-01-01,2024-01-01,2024-03-31,Crypto,0,43,False,False
6h,2024Q1,2023-01-01,2024-01-01,2024-01-01,2024-03-31,Entertainment,43,74,False,False
6h,2024Q1,2023-01-01,2024-01-01,2024-01-01,2024-03-31,Finance,4876,1402,True,True
6h,2024Q1,2023-01-01,2024-01-01,2024-01-01,2024-03-31,Politics,12,3,False,False
6h,2024Q1,2023-01-01,2024-01-01,2024-01-01,2024-03-31,Sports,0,2,False,False
6h,2024Q1,2023-01-01,2024-01-01,2024-01-01,2024-03-31,Weather,1736,584,True,True
6h,2024Q2,2023-04-01,2024-04-01,2024-04-01,2024-06-30,ALL,7550,2853,True,True
6h,2024Q2,2023-04-01,2024-04-01,2024-04-01,2024-06-30,Crypto,43,522,True,False
6h,2024Q2,2023-04-01,2024-04-01,2024-04-01,2024-06-30,Entertainment,104,37,False,True
6h,2024Q2,2023-04-01,2024-04-01,2024-04-01,2024-06-30,Finance,5222,1766,True,True
6h,2024Q2,2023-04-01,2024-04-01,2024-04-01,2024-06-30,Politics,11,14,False,False
6h,2024Q2,2023-04-01,2024-04-01,2024-04-01,2024-06-30,Sports,2,5,False,False
6h,2024Q2,2023-04-01,2024-04-01,2024-04-01,2024-06-30,Weather,2168,509,True,True
6h,2024Q3,2023-07-01,2024-07-01,2024-07-01,2024-09-30,ALL,8924,2434,True,True
6h,2024Q3,2023-07-01,2024-07-01,2024-07-01,2024-09-30,Crypto,565,737,True,True
6h,2024Q3,2023-07-01,2024-07-01,2024-07-01,2024-09-30,Entertainment,138,22,False,True
6h,2024Q3,2023-07-01,2024-07-01,2024-07-01,2024-09-30,Finance,5899,1364,True,True
6h,2024Q3,2023-07-01,2024-07-01,2024-07-01,2024-09-30,Politics,21,12,False,False
6h,2024Q3,2023-07-01,2024-07-01,2024-07-01,2024-09-30,Sports,7,8,False,False
6h,2024Q3,2023-07-01,2024-07-01,2024-07-01,2024-09-30,Weather,2294,291,True,True
6h,2024Q4,2023-10-01,2024-10-01,2024-10-01,2024-12-31,ALL,9296,3825,True,True
6h,2024Q4,2023-10-01,2024-10-01,2024-10-01,2024-12-31,Crypto,1302,2375,True,True
6h,2024Q4,2023-10-01,2024-10-01,2024-10-01,2024-12-31,Entertainment,154,137,False,True
6h,2024Q4,2023-10-01,2024-10-01,2024-10-01,2024-12-31,Finance,5776,1058,True,True
6h,2024Q4,2023-10-01,2024-10-01,2024-10-01,2024-12-31,Politics,33,23,False,False
6h,2024Q4,2023-10-01,2024-10-01,2024-10-01,2024-12-31,Sports,15,35,False,False
6h,2024Q4,2023-10-01,2024-10-01,2024-10-01,2024-12-31,Weather,2016,197,False,True
6h,2025Q1,2024-01-01,2025-01-01,2025-01-01,2025-03-31,ALL,11220,4717,True,True
6h,2025Q1,2024-01-01,2025-01-01,2025-01-01,2025-03-31,Crypto,3677,2224,True,True
6h,2025Q1,2024-01-01,2025-01-01,2025-01-01,2025-03-31,Entertainment,270,663,True,True
6h,2025Q1,2024-01-01,2025-01-01,2025-01-01,2025-03-31,Finance,5590,929,True,True
6h,2025Q1,2024-01-01,2025-01-01,2025-01-01,2025-03-31,Politics,52,203,True,False
6h,2025Q1,2024-01-01,2025-01-01,2025-01-01,2025-03-31,Sports,50,448,True,False
6h,2025Q1,2024-01-01,2025-01-01,2025-01-01,2025-03-31,Weather,1581,250,True,True
6h,2025Q2,2024-04-01,2025-04-01,2025-04-01,2025-06-30,ALL,13829,7857,True,True
6h,2025Q2,2024-04-01,2025-04-01,2025-04-01,2025-06-30,Crypto,5858,1191,True,True
6h,2025Q2,2024-04-01,2025-04-01,2025-04-01,2025-06-30,Entertainment,859,520,True,True
6h,2025Q2,2024-04-01,2025-04-01,2025-04-01,2025-06-30,Finance,5117,1107,True,True
6h,2025Q2,2024-04-01,2025-04-01,2025-04-01,2025-06-30,Politics,252,433,True,True
6h,2025Q2,2024-04-01,2025-04-01,2025-04-01,2025-06-30,Sports,496,4328,True,True
6h,2025Q2,2024-04-01,2025-04-01,2025-04-01,2025-06-30,Weather,1247,278,True,True
6h,2025Q3,2024-07-01,2025-07-01,2025-07-01,2025-09-30,ALL,18833,15301,True,True
6h,2025Q3,2024-07-01,2025-07-01,2025-07-01,2025-09-30,Crypto,6527,1740,True,True
6h,2025Q3,2024-07-01,2025-07-01,2025-07-01,2025-09-30,Entertainment,1342,689,True,True
6h,2025Q3,2024-07-01,2025-07-01,2025-07-01,2025-09-30,Finance,4458,815,True,True
6h,2025Q3,2024-07-01,2025-07-01,2025-07-01,2025-09-30,Politics,671,457,True,True
6h,2025Q3,2024-07-01,2025-07-01,2025-07-01,2025-09-30,Sports,4819,11344,True,True
6h,2025Q3,2024-07-01,2025-07-01,2025-07-01,2025-09-30,Weather,1016,256,True,True
