domain,tau,method,bin,lo,hi,n,mean_p,mean_y
Politics,24h,raw,0,0.05,0.09,112,0.060000000000000005,0.044642857142857144
Politics,24h,raw,1,0.09,0.18,124,0.12483870967741936,0.08064516129032258
Politics,24h,raw,2,0.18,0.28,108,0.23046296296296298,0.17592592592592593
Politics,24h,raw,3,0.28,0.36,124,0.3146774193548387,0.28225806451612906
Politics,24h,raw,4,0.36,0.47,119,0.4059663865546218,0.47058823529411764
Politics,24h,raw,5,0.47,0.59,112,0.531875,0.5357142857142857
Politics,24h,raw,6,0.59,0.67,120,0.6265833333333333,0.6083333333333333
Politics,24h,raw,7,0.67,0.77,123,0.7179674796747967,0.6910569105691057
Politics,24h,raw,8,0.77,0.88,119,0.8165546218487393,0.7647058823529411
Politics,24h,raw,9,0.88,0.95,120,0.9223333333333332,0.925
Politics,24h,platt,0,0.044718759551014536,0.08339709650550728,116,0.0572222233362508,0.05172413793103448
Politics,24h,platt,1,0.08339709650550728,0.16543478855212726,119,0.11786894599050289,0.07563025210084033
Politics,24h,platt,2,0.16543478855212726,0.2659783291306662,120,0.22086227501669728,0.19166666666666668
Politics,24h,platt,3,0.2659783291306662,0.343139765901559,117,0.3040072056007615,0.28205128205128205
Politics,24h,platt,4,0.343139765901559,0.4584077722676785,118,0.39213662072099537,0.4661016949152542
Politics,24h,platt,5,0.4584077722676785,0.5780027027295861,119,0.5201234789406222,0.5546218487394958
Politics,24h,platt,6,0.5780027027295861,0.6524568396532915,118,0.6153546696555164,0.6186440677966102
Politics,24h,platt,7,0.6524568396532915,0.7536843778445418,113,0.7069330174951479,0.672566371681416
Politics,24h,platt,8,0.7536843778445418,0.8728225102761049,119,0.805694202424416,0.773109243697479
Politics,24h,platt,9,0.8728225102761049,0.9524166939002443,122,0.917474199004601,0.9180327868852459
Politics,24h,venn_abers,0,0.045454545454545456,0.0949367088607595,118,0.06101881561560182,0.059322033898305086
Politics,24h,venn_abers,1,0.0949367088607595,0.1497304023226877,115,0.11988939366407601,0.0782608695652174
Politics,24h,venn_abers,2,0.1497304023226877,0.26625766871165646,119,0.21585646657018817,0.2184873949579832
Politics,24h,venn_abers,3,0.26625766871165646,0.3494363929146538,105,0.30217998612330776,0.24761904761904763
Politics,24h,venn_abers,4,0.3494363929146538,0.4498269896193771,131,0.38748535458427386,0.44274809160305345
Politics,24h,venn_abers,5,0.4498269896193771,0.6037296037296038,99,0.5111600553424575,0.5353535353535354
Politics,24h,venn_abers,6,0.6037296037296038,0.6938775510204082,134,0.6158844645307044,0.6044776119402985
Politics,24h,venn_abers,7,0.6938775510204082,0.7321428571428572,122,0.7098693889177294,0.680327868852459
Politics,24h,venn_abers,8,0.7321428571428572,0.872093023255814,112,0.7898021356235141,0.7946428571428571
Politics,24h,venn_abers,9,0.872093023255814,0.9677419354838711,126,0.9235427805523231,0.8968253968253969
Politics,1w,raw,0,0.05,0.07,51,0.05529411764705882,0.058823529411764705
Politics,1w,raw,1,0.07,0.12599999999999995,89,0.09067415730337079,0.0898876404494382
Politics,1w,raw,2,0.12599999999999995,0.19,60,0.15216666666666667,0.16666666666666666
Politics,1w,raw,3,0.19,0.27,76,0.22157894736842101,0.23684210526315788
Politics,1w,raw,4,0.27,0.42,73,0.34232876712328764,0.4931506849315068
Politics,1w,raw,5,0.42,0.57,69,0.4923188405797102,0.6376811594202898
Politics,1w,raw,6,0.57,0.69,67,0.6319402985074627,0.5970149253731343
Politics,1w,raw,7,0.69,0.78,73,0.7306849315068493,0.6027397260273972
Politics,1w,raw,8,0.78,0.89,66,0.8316666666666667,0.8333333333333334
Politics,1w,raw,9,0.89,0.95,75,0.9232000000000001,0.84
Politics,1w,platt,0,0.03723058109795741,0.05443276629101762,62,0.045046054783681726,0.04838709677419355
Politics,1w,platt,1,0.05443276629101762,0.10475348219126608,77,0.0750494523571559,0.1038961038961039
Politics,1w,platt,2,0.10475348219126608,0.1690047106203793,67,0.13121163702693417,0.14925373134328357
Politics,1w,platt,3,0.1690047106203793,0.2402140168849848,73,0.19905409434995402,0.2465753424657534
Politics,1w,platt,4,0.2402140168849848,0.40505307917668626,70,0.3181907243267976,0.5571428571428572
Politics,1w,platt,5,0.40505307917668626,0.5543413863887666,70,0.4695123791656336,0.6
Politics,1w,platt,6,0.5543413863887666,0.6813760339933767,70,0.626592469561665,0.6
Politics,1w,platt,7,0.6813760339933767,0.776211294416982,67,0.728532067754425,0.5970149253731343
Politics,1w,platt,8,0.776211294416982,0.8991955709792395,72,0.8392066453322541,0.8333333333333334
Politics,1w,platt,9,0.8991955709792395,0.9643094053277288,71,0.9334224384104409,0.8309859154929577
Politics,1w,venn_abers,0,0.011363636363636362,0.07142857142857142,63,0.03748088571260336,0.047619047619047616
Politics,1w,venn_abers,1,0.07142857142857142,0.09354588730211447,70,0.08641275080708105,0.1
Politics,1w,venn_abers,2,0.09354588730211447,0.16949152542372883,62,0.12329904619792657,0.12903225806451613
Politics,1w,venn_abers,3,0.16949152542372883,0.2853881278538813,83,0.2127123554029435,0.3373493975903614
Politics,1w,venn_abers,4,0.2853881278538813,0.47058823529411764,68,0.34626988974077877,0.4264705882352941
Politics,1w,venn_abers,5,0.47058823529411764,0.53125,69,0.5093521535339296,0.6086956521739131
Politics,1w,venn_abers,6,0.53125,0.609375,67,0.5454352743068299,0.6417910447761194
Politics,1w,venn_abers,7,0.609375,0.7936507936507937,76,0.6977533690996911,0.5921052631578947
Politics,1w,venn_abers,8,0.7936507936507937,0.9178470254957507,67,0.8371310975894348,0.7910447761194029
Politics,1w,venn_abers,9,0.9178470254957507,0.9836065573770493,74,0.9367934555304848,0.8513513513513513
Sports,24h,raw,0,0.05,0.12,836,0.07727272727272727,0.05741626794258373
Sports,24h,raw,1,0.12,0.2,777,0.15755469755469756,0.16602316602316602
Sports,24h,raw,2,0.2,0.27,812,0.23256157635467983,0.24014778325123154
Sports,24h,raw,3,0.27,0.34,890,0.2965505617977528,0.27303370786516856
Sports,24h,raw,4,0.34,0.42,897,0.37444816053511704,0.34894091415830547
Sports,24h,raw,5,0.42,0.48,831,0.4456077015643803,0.4464500601684717
Sports,24h,raw,6,0.48,0.54,860,0.5041860465116279,0.48604651162790696
Sports,24h,raw,7,0.54,0.63,888,0.5765878378378378,0.5495495495495496
Sports,24h,raw,8,0.63,0.75,834,0.6817745803357314,0.6750599520383693
Sports,24h,raw,9,0.75,0.95,898,0.8403229398663697,0.8195991091314031
Sports,24h,platt,0,0.044718759551014536,0.1091474217069761,834,0.0724141491955658,0.05755395683453238
Sports,24h,platt,1,0.1091474217069761,0.18954066332717967,803,0.14932143805174644,0.16936488169364883
Sports,24h,platt,2,0.18954066332717967,0.2563865201182612,827,0.2221626628573666,0.23821039903264812
Sports,24h,platt,3,0.2563865201182612,0.323775307965975,880,0.28377598837743684,0.2727272727272727
Sports,24h,platt,4,0.323775307965975,0.401551203325008,900,0.35942561857469785,0.3488888888888889
Sports,24h,platt,5,0.401551203325008,0.46047013755294575,816,0.42824702418406285,0.45465686274509803
Sports,24h,platt,6,0.46047013755294575,0.519934762739052,861,0.4857828432154296,0.4901277584204414
Sports,24h,platt,7,0.519934762739052,0.6102405479171326,867,0.5577242670889417,0.5467128027681661
Sports,24h,platt,8,0.6102405479171326,0.7358356730148179,876,0.6671582417430316,0.6723744292237442
Sports,24h,platt,9,0.7358356730148179,0.9524166939002443,859,0.8341852097914412,0.830034924330617
Sports,24h,venn_abers,0,0.05100182149362477,0.1101871101871102,844,0.07433012930006,0.061611374407582936
Sports,24h,venn_abers,1,0.1101871101871102,0.1956124314442413,791,0.14785965515146082,0.16308470290771176
Sports,24h,venn_abers,2,0.1956124314442413,0.26625766871165646,797,0.21209772923039186,0.23588456712672523
Sports,24h,venn_abers,3,0.26625766871165646,0.3404255319148936,957,0.2861802556156508,0.2779519331243469
Sports,24h,venn_abers,4,0.3404255319148936,0.40091868498975025,700,0.3613822688213203,0.35
Sports,24h,venn_abers,5,0.40091868498975025,0.4591439688715953,838,0.4200614081949941,0.43675417661097854
Sports,24h,venn_abers,6,0.4591439688715953,0.5442176870748299,956,0.47964259896098543,0.48640167364016734
Sports,24h,venn_abers,7,0.5442176870748299,0.6090116279069768,927,0.5792487987570188,0.5555555555555556
Sports,24h,venn_abers,8,0.6090116279069768,0.7224080267558528,747,0.6666361941741753,0.6666666666666666
Sports,24h,venn_abers,9,0.7224080267558528,0.9589041095890412,966,0.8111968326639544,0.8074534161490683
Sports,1w,raw,0,0.05,0.08,144,0.058541666666666665,0.006944444444444444
Sports,1w,raw,1,0.08,0.15,188,0.10638297872340426,0.05319148936170213
Sports,1w,raw,2,0.15,0.23,171,0.18339181286549708,0.19298245614035087
Sports,1w,raw,3,0.23,0.32,171,0.27087719298245616,0.2046783625730994
Sports,1w,raw,4,0.32,0.43,173,0.36872832369942193,0.3179190751445087
Sports,1w,raw,5,0.43,0.5,154,0.4631168831168831,0.4090909090909091
Sports,1w,raw,6,0.5,0.57,174,0.5286206896551724,0.4885057471264368
Sports,1w,raw,7,0.57,0.68,166,0.6151807228915663,0.6626506024096386
Sports,1w,raw,8,0.68,0.82,179,0.7454748603351955,0.776536312849162
Sports,1w,raw,9,0.82,0.95,177,0.8899435028248587,0.8983050847457628
Sports,1w,platt,0,0.03723058109795741,0.06256438062328329,148,0.04564271494266076,0.006756756756756757
Sports,1w,platt,1,0.06256438062328329,0.12344537193867786,190,0.08770945883698399,0.05789473684210526
Sports,1w,platt,2,0.12344537193867786,0.19703887159577196,168,0.15683018075350544,0.19047619047619047
Sports,1w,platt,3,0.19703887159577196,0.28387615526101445,170,0.23778102659729358,0.2
Sports,1w,platt,4,0.28387615526101445,0.3947507867676201,170,0.3335974899297928,0.3352941176470588
Sports,1w,platt,5,0.3947507867676201,0.4675454540337682,150,0.42932091652767135,0.38
Sports,1w,platt,6,0.4675454540337682,0.5433776282435376,192,0.50130018814473,0.5260416666666666
Sports,1w,platt,7,0.5433776282435376,0.6705012831430474,169,0.6022176161312991,0.6627218934911243
Sports,1w,platt,8,0.6705012831430474,0.8135190615558888,170,0.7430098127292767,0.7705882352941177
Sports,1w,platt,9,0.8135190615558888,0.9643094053277288,170,0.8925158794360302,0.9058823529411765
Sports,1w,venn_abers,0,0.011363636363636362,0.0670391061452514,153,0.0353291615446182,0.013071895424836602
Sports,1w,venn_abers,1,0.0670391061452514,0.13131313131313133,180,0.08753248908009026,0.044444444444444446
Sports,1w,venn_abers,2,0.13131313131313133,0.2421052631578947,172,0.17167269946566052,0.20348837209302326
Sports,1w,venn_abers,3,0.2421052631578947,0.2868650812792437,59,0.26528695975679467,0.1694915254237288
Sports,1w,venn_abers,4,0.2868650812792437,0.4516129032258065,281,0.32680953753683023,0.28113879003558717
Sports,1w,venn_abers,5,0.4516129032258065,0.5211152780042393,100,0.4832291637443849,0.43
Sports,1w,venn_abers,6,0.5211152780042393,0.53125,113,0.5226781494345304,0.45132743362831856
Sports,1w,venn_abers,7,0.53125,0.58,276,0.5319442076105714,0.5760869565217391
Sports,1w,venn_abers,8,0.58,0.8227228207639568,186,0.69750702390583,0.7795698924731183
Sports,1w,venn_abers,9,0.8227228207639568,0.9836065573770493,177,0.8922058513017579,0.8926553672316384
