tau,domain,fit_scope,method,metric,value,raw_value,delta_vs_raw,n_test,n_quarters
1mo,ALL,per_domain,raw,brier,0.14168362068965515,0.14168362068965515,0.0,1160.0,2.0
1mo,ALL,per_domain,platt,brier,0.14206341263395347,0.14168362068965515,0.0003797919442983244,1160.0,2.0
1mo,ALL,per_domain,isotonic,brier,0.1433995471504656,0.14168362068965515,0.0017159264608104519,1160.0,2.0
1mo,ALL,per_domain,binning10,brier,0.146915759086827,0.14168362068965515,0.005232138397171848,1160.0,2.0
1mo,ALL,per_domain,venn_abers,brier,0.14338180816905005,0.14168362068965515,0.0016981874793949026,1160.0,2.0
1mo,ALL,per_domain,raw,ece,0.05063793103448267,0.05063793103448267,0.0,1160.0,2.0
1mo,ALL,per_domain,platt,ece,0.04783175478978897,0.05063793103448267,-0.0028061762446937033,1160.0,2.0
1mo,ALL,per_domain,isotonic,ece,0.05011602024801227,0.05063793103448267,-0.0005219107864704031,1160.0,2.0
1mo,ALL,per_domain,binning10,ece,0.051483101395114236,0.05063793103448267,0.0008451703606315655,1160.0,2.0
1mo,ALL,per_domain,venn_abers,ece,0.05162373419319967,0.05063793103448267,0.0009858031587169983,1160.0,2.0
1mo,ALL,per_domain,raw,log_loss,0.4425044902407778,0.4425044902407778,0.0,1160.0,2.0
1mo,ALL,per_domain,platt,log_loss,0.4440096554160807,0.4425044902407778,0.0015051651753028583,1160.0,2.0
1mo,ALL,per_domain,isotonic,log_loss,0.5297606751486504,0.4425044902407778,0.08725618490787262,1160.0,2.0
1mo,ALL,per_domain,binning10,log_loss,0.5085514865075896,0.4425044902407778,0.06604699626681182,1160.0,2.0
1mo,ALL,per_domain,venn_abers,log_loss,0.4458020193781461,0.4425044902407778,0.0032975291373683047,1160.0,2.0
1mo,Entertainment,per_domain,raw,brier,0.15666455223880593,0.15666455223880593,0.0,268.0,2.0
1mo,Entertainment,per_domain,platt,brier,0.15977933696177393,0.15666455223880593,0.0031147847229680004,268.0,2.0
1mo,Entertainment,per_domain,isotonic,brier,0.15925316202621648,0.15666455223880593,0.002588609787410545,268.0,2.0
1mo,Entertainment,per_domain,binning10,brier,0.16392313555457286,0.15666455223880593,0.0072585833157669255,268.0,2.0
1mo,Entertainment,per_domain,venn_abers,brier,0.1583795468724234,0.15666455223880593,0.0017149946336174615,268.0,2.0
1mo,Entertainment,per_domain,raw,ece,0.06906716417910441,0.06906716417910441,0.0,268.0,2.0
1mo,Entertainment,per_domain,platt,ece,0.08820531266086779,0.06906716417910441,0.019138148481763373,268.0,2.0
1mo,Entertainment,per_domain,isotonic,ece,0.09118850426666557,0.06906716417910441,0.022121340087561156,268.0,2.0
1mo,Entertainment,per_domain,binning10,ece,0.1033645368543258,0.06906716417910441,0.034297372675221385,268.0,2.0
1mo,Entertainment,per_domain,venn_abers,ece,0.08826381806703285,0.06906716417910441,0.019196653887928433,268.0,2.0
1mo,Entertainment,per_domain,raw,log_loss,0.4842150829986027,0.4842150829986027,0.0,268.0,2.0
1mo,Entertainment,per_domain,platt,log_loss,0.5030749468455427,0.4842150829986027,0.01885986384693994,268.0,2.0
1mo,Entertainment,per_domain,isotonic,log_loss,0.6106068034023596,0.4842150829986027,0.1263917204037569,268.0,2.0
1mo,Entertainment,per_domain,binning10,log_loss,0.5495640562053761,0.4842150829986027,0.06534897320677335,268.0,2.0
1mo,Entertainment,per_domain,venn_abers,log_loss,0.49386579774810424,0.4842150829986027,0.009650714749501521,268.0,2.0
1mo,Finance,per_domain,raw,brier,0.11059002932551315,0.11059002932551315,0.0,341.0,2.0
1mo,Finance,per_domain,platt,brier,0.10749559182867932,0.11059002932551315,-0.0030944374968338295,341.0,2.0
1mo,Finance,per_domain,isotonic,brier,0.11007603439711129,0.11059002932551315,-0.0005139949284018591,341.0,2.0
1mo,Finance,per_domain,binning10,brier,0.11202767244306577,0.11059002932551315,0.0014376431175526228,341.0,2.0
1mo,Finance,per_domain,venn_abers,brier,0.11102216025079059,0.11059002932551315,0.0004321309252774408,341.0,2.0
1mo,Finance,per_domain,raw,ece,0.11131964809384158,0.11131964809384158,0.0,341.0,2.0
1mo,Finance,per_domain,platt,ece,0.09003677149185871,0.11131964809384158,-0.021282876601982872,341.0,2.0
1mo,Finance,per_domain,isotonic,ece,0.08333236668339637,0.11131964809384158,-0.02798728141044521,341.0,2.0
1mo,Finance,per_domain,binning10,ece,0.09366022428663674,0.11131964809384158,-0.017659423807204838,341.0,2.0
1mo,Finance,per_domain,venn_abers,ece,0.09837211802971259,0.11131964809384158,-0.012947530064128993,341.0,2.0
1mo,Finance,per_domain,raw,log_loss,0.3646453885527843,0.3646453885527843,0.0,341.0,2.0
1mo,Finance,per_domain,platt,log_loss,0.3496268838507471,0.3646453885527843,-0.015018504702037194,341.0,2.0
1mo,Finance,per_domain,isotonic,log_loss,0.47519622457830296,0.3646453885527843,0.11055083602551868,341.0,2.0
1mo,Finance,per_domain,binning10,log_loss,0.4855990921498453,0.3646453885527843,0.12095370359706104,341.0,2.0
1mo,Finance,per_domain,venn_abers,log_loss,0.36432688273139163,0.3646453885527843,-0.00031850582139264505,341.0,2.0
1mo,Politics,per_domain,raw,brier,0.1364493392070484,0.1364493392070484,0.0,227.0,2.0
1mo,Politics,per_domain,platt,brier,0.13700035246545061,0.1364493392070484,0.0005510132584022054,227.0,2.0
1mo,Politics,per_domain,isotonic,brier,0.13936747409062317,0.1364493392070484,0.002918134883574758,227.0,2.0
1mo,Politics,per_domain,binning10,brier,0.1433164052169569,0.1364493392070484,0.006867066009908496,227.0,2.0
1mo,Politics,per_domain,venn_abers,brier,0.1396878469774238,0.1364493392070484,0.003238507770375404,227.0,2.0
1mo,Politics,per_domain,raw,ece,0.12149779735682814,0.12149779735682814,0.0,227.0,2.0
1mo,Politics,per_domain,platt,ece,0.1196748167736678,0.12149779735682814,-0.0018229805831603413,227.0,2.0
1mo,Politics,per_domain,isotonic,ece,0.08996469794663202,0.12149779735682814,-0.03153309941019612,227.0,2.0
1mo,Politics,per_domain,binning10,ece,0.12851825413726217,0.12149779735682814,0.007020456780434031,227.0,2.0
1mo,Politics,per_domain,venn_abers,ece,0.09880840162153691,0.12149779735682814,-0.022689395735291232,227.0,2.0
1mo,Politics,per_domain,raw,log_loss,0.4257502991489704,0.4257502991489704,0.0,227.0,2.0
1mo,Politics,per_domain,platt,log_loss,0.4275617237583955,0.4257502991489704,0.0018114246094251274,227.0,2.0
1mo,Politics,per_domain,isotonic,log_loss,0.4688263076226942,0.4257502991489704,0.04307600847372384,227.0,2.0
1mo,Politics,per_domain,binning10,log_loss,0.4856943705561951,0.4257502991489704,0.059944071407224686,227.0,2.0
1mo,Politics,per_domain,venn_abers,log_loss,0.4305840785663693,0.4257502991489704,0.004833779417398931,227.0,2.0
1mo,Sports,per_domain,raw,brier,0.16072887029288696,0.16072887029288696,0.0,239.0,1.0
1mo,Sports,per_domain,platt,brier,0.1618290615702506,0.16072887029288696,0.0011001912773636324,239.0,1.0
1mo,Sports,per_domain,isotonic,brier,0.1624845292643209,0.16072887029288696,0.0017556589714339266,239.0,1.0
1mo,Sports,per_domain,binning10,brier,0.1643724479936874,0.16072887029288696,0.0036435777008004266,239.0,1.0
1mo,Sports,per_domain,venn_abers,brier,0.1636680107180704,0.16072887029288696,0.0029391404251834508,239.0,1.0
1mo,Sports,per_domain,raw,ece,0.0548117154811715,0.0548117154811715,0.0,239.0,1.0
1mo,Sports,per_domain,platt,ece,0.0602347753792353,0.0548117154811715,0.005423059898063798,239.0,1.0
1mo,Sports,per_domain,isotonic,ece,0.0262220614865622,0.0548117154811715,-0.0285896539946093,239.0,1.0
1mo,Sports,per_domain,binning10,ece,0.0293905476898898,0.0548117154811715,-0.0254211677912817,239.0,1.0
1mo,Sports,per_domain,venn_abers,ece,0.0400732447812706,0.0548117154811715,-0.014738470699900905,239.0,1.0
1mo,Sports,per_domain,raw,log_loss,0.4894182339787912,0.4894182339787912,0.0,239.0,1.0
1mo,Sports,per_domain,platt,log_loss,0.4919744888862168,0.4894182339787912,0.0025562549074256147,239.0,1.0
1mo,Sports,per_domain,isotonic,log_loss,0.4818432499150935,0.4894182339787912,-0.007574984063697721,239.0,1.0
1mo,Sports,per_domain,binning10,log_loss,0.4973146700413201,0.4894182339787912,0.007896436062528878,239.0,1.0
1mo,Sports,per_domain,venn_abers,log_loss,0.4941024553299007,0.4894182339787912,0.004684221351109519,239.0,1.0
1mo,Weather,per_domain,raw,brier,0.17961764705882352,0.17961764705882352,0.0,85.0,2.0
1mo,Weather,per_domain,platt,brier,0.18282910366004443,0.17961764705882352,0.003211456601220908,85.0,2.0
1mo,Weather,per_domain,isotonic,brier,0.18420565211005832,0.17961764705882352,0.0045880050512348,85.0,2.0
1mo,Weather,per_domain,binning10,brier,0.19378358652079827,0.17961764705882352,0.014165939461974753,85.0,2.0
1mo,Weather,per_domain,venn_abers,brier,0.17873913462676422,0.17961764705882352,-0.000878512432059303,85.0,2.0
1mo,Weather,per_domain,raw,ece,0.15023529411764702,0.15023529411764702,0.0,85.0,2.0
1mo,Weather,per_domain,platt,ece,0.15386585424944962,0.15023529411764702,0.0036305601318026015,85.0,2.0
1mo,Weather,per_domain,isotonic,ece,0.15049612536636756,0.15023529411764702,0.0002608312487205333,85.0,2.0
1mo,Weather,per_domain,binning10,ece,0.15707118929755967,0.15023529411764702,0.006835895179912649,85.0,2.0
1mo,Weather,per_domain,venn_abers,ece,0.13355261188084858,0.15023529411764702,-0.016682682236798446,85.0,2.0
1mo,Weather,per_domain,raw,log_loss,0.5361789777815285,0.5361789777815285,0.0,85.0,2.0
1mo,Weather,per_domain,platt,log_loss,0.5454815646821387,0.5361789777815285,0.009302586900610255,85.0,2.0
1mo,Weather,per_domain,isotonic,log_loss,0.7912204555216694,0.5361789777815285,0.25504147774014096,85.0,2.0
1mo,Weather,per_domain,binning10,log_loss,0.563958101253344,0.5361789777815285,0.027779123471815548,85.0,2.0
1mo,Weather,per_domain,venn_abers,log_loss,0.5259502236745996,0.5361789777815285,-0.010228754106928806,85.0,2.0
1mo,ALL,pooled,raw,brier,0.14006915959907476,0.14006915959907476,0.0,1297.0,2.0
1mo,ALL,pooled,platt,brier,0.14083915643697786,0.14006915959907476,0.000769996837903103,1297.0,2.0
1mo,ALL,pooled,isotonic,brier,0.14371105835771636,0.14006915959907476,0.0036418987586415985,1297.0,2.0
1mo,ALL,pooled,binning10,brier,0.14345029911083015,0.14006915959907476,0.0033811395117553933,1297.0,2.0
1mo,ALL,pooled,venn_abers,brier,0.14353226803759972,0.14006915959907476,0.003463108438524959,1297.0,2.0
1mo,ALL,pooled,raw,ece,0.04457208943716257,0.04457208943716257,0.0,1297.0,2.0
1mo,ALL,pooled,platt,ece,0.045444501577911633,0.04457208943716257,0.0008724121407490612,1297.0,2.0
1mo,ALL,pooled,isotonic,ece,0.05379809373192758,0.04457208943716257,0.009226004294765007,1297.0,2.0
1mo,ALL,pooled,binning10,ece,0.04911422306250654,0.04457208943716257,0.004542133625343968,1297.0,2.0
1mo,ALL,pooled,venn_abers,ece,0.05208545702135035,0.04457208943716257,0.0075133675841877745,1297.0,2.0
1mo,ALL,pooled,raw,log_loss,0.4385550543027219,0.4385550543027219,0.0,1297.0,2.0
1mo,ALL,pooled,platt,log_loss,0.4398884032813858,0.4385550543027219,0.0013333489786638841,1297.0,2.0
1mo,ALL,pooled,isotonic,log_loss,0.46826944193786585,0.4385550543027219,0.029714387635143946,1297.0,2.0
1mo,ALL,pooled,binning10,log_loss,0.44701499776419257,0.4385550543027219,0.008459943461470665,1297.0,2.0
1mo,ALL,pooled,venn_abers,log_loss,0.44471268453531915,0.4385550543027219,0.006157630232597244,1297.0,2.0
1mo,Crypto,pooled,raw,brier,0.1559333333333333,0.1559333333333333,0.0,21.0,2.0
1mo,Crypto,pooled,platt,brier,0.1751174097055324,0.1559333333333333,0.0191840763721991,21.0,2.0
1mo,Crypto,pooled,isotonic,brier,0.17570661054125775,0.1559333333333333,0.019773277207924433,21.0,2.0
1mo,Crypto,pooled,binning10,brier,0.18957572445256105,0.1559333333333333,0.03364239111922773,21.0,2.0
1mo,Crypto,pooled,venn_abers,brier,0.17599198793520218,0.1559333333333333,0.02005865460186887,21.0,2.0
1mo,Crypto,pooled,raw,log_loss,0.46359284943122747,0.46359284943122747,0.0,21.0,2.0
1mo,Crypto,pooled,platt,log_loss,0.505476450970417,0.46359284943122747,0.041883601539189574,21.0,2.0
1mo,Crypto,pooled,isotonic,log_loss,0.4969616224007665,0.46359284943122747,0.03336877296953905,21.0,2.0
1mo,Crypto,pooled,binning10,log_loss,0.5366014828989162,0.46359284943122747,0.07300863346768871,21.0,2.0
1mo,Crypto,pooled,venn_abers,log_loss,0.5011731283459872,0.46359284943122747,0.03758027891475968,21.0,2.0
1mo,Entertainment,pooled,raw,brier,0.15666455223880593,0.15666455223880593,0.0,268.0,2.0
1mo,Entertainment,pooled,platt,brier,0.1570950186906477,0.15666455223880593,0.0004304664518417767,268.0,2.0
1mo,Entertainment,pooled,isotonic,brier,0.15849003785451388,0.15666455223880593,0.0018254856157079447,268.0,2.0
1mo,Entertainment,pooled,binning10,brier,0.16071981394774654,0.15666455223880593,0.004055261708940605,268.0,2.0
1mo,Entertainment,pooled,venn_abers,brier,0.15800654707658043,0.15666455223880593,0.0013419948377745017,268.0,2.0
1mo,Entertainment,pooled,raw,ece,0.06906716417910441,0.06906716417910441,0.0,268.0,2.0
1mo,Entertainment,pooled,platt,ece,0.07275618175204557,0.06906716417910441,0.0036890175729411556,268.0,2.0
1mo,Entertainment,pooled,isotonic,ece,0.08176286142030342,0.06906716417910441,0.012695697241199011,268.0,2.0
1mo,Entertainment,pooled,binning10,ece,0.0749373403328187,0.06906716417910441,0.005870176153714282,268.0,2.0
1mo,Entertainment,pooled,venn_abers,ece,0.07502234336826191,0.06906716417910441,0.0059551791891575,268.0,2.0
1mo,Entertainment,pooled,raw,log_loss,0.4842150829986027,0.4842150829986027,0.0,268.0,2.0
1mo,Entertainment,pooled,platt,log_loss,0.48965908422413823,0.4842150829986027,0.005444001225535511,268.0,2.0
1mo,Entertainment,pooled,isotonic,log_loss,0.5359275229194717,0.4842150829986027,0.051712439920868936,268.0,2.0
1mo,Entertainment,pooled,binning10,log_loss,0.5022117928009268,0.4842150829986027,0.01799670980232404,268.0,2.0
1mo,Entertainment,pooled,venn_abers,log_loss,0.49327766728697475,0.4842150829986027,0.009062584288372033,268.0,2.0
1mo,Finance,pooled,raw,brier,0.11059002932551315,0.11059002932551315,0.0,341.0,2.0
1mo,Finance,pooled,platt,brier,0.10763117909078715,0.11059002932551315,-0.0029588502347260015,341.0,2.0
1mo,Finance,pooled,isotonic,brier,0.1104952495668625,0.11059002932551315,-9.477975865064547e-05,341.0,2.0
1mo,Finance,pooled,binning10,brier,0.11122494788108944,0.11059002932551315,0.0006349185555762915,341.0,2.0
1mo,Finance,pooled,venn_abers,brier,0.1111293812288562,0.11059002932551315,0.0005393519033430466,341.0,2.0
1mo,Finance,pooled,raw,ece,0.11131964809384158,0.11131964809384158,0.0,341.0,2.0
1mo,Finance,pooled,platt,ece,0.09133052023734033,0.11131964809384158,-0.019989127856501254,341.0,2.0
1mo,Finance,pooled,isotonic,ece,0.09633357368660332,0.11131964809384158,-0.014986074407238259,341.0,2.0
1mo,Finance,pooled,binning10,ece,0.08855688344229327,0.11131964809384158,-0.022762764651548306,341.0,2.0
1mo,Finance,pooled,venn_abers,ece,0.09695418258142198,0.11131964809384158,-0.0143654655124196,341.0,2.0
1mo,Finance,pooled,raw,log_loss,0.3646453885527843,0.3646453885527843,0.0,341.0,2.0
1mo,Finance,pooled,platt,log_loss,0.3530756044720467,0.3646453885527843,-0.011569784080737555,341.0,2.0
1mo,Finance,pooled,isotonic,log_loss,0.35731240392254043,0.3646453885527843,-0.007332984630243844,341.0,2.0
1mo,Finance,pooled,binning10,log_loss,0.35927668850374045,0.3646453885527843,-0.005368700049043829,341.0,2.0
1mo,Finance,pooled,venn_abers,log_loss,0.3590426282441094,0.3646453885527843,-0.005602760308674903,341.0,2.0
1mo,Politics,pooled,raw,brier,0.1364493392070484,0.1364493392070484,0.0,227.0,2.0
1mo,Politics,pooled,platt,brier,0.1390370631011589,0.1364493392070484,0.002587723894110494,227.0,2.0
1mo,Politics,pooled,isotonic,brier,0.14165843523286573,0.1364493392070484,0.005209096025817317,227.0,2.0
1mo,Politics,pooled,binning10,brier,0.14048046889781338,0.1364493392070484,0.004031129690764967,227.0,2.0
1mo,Politics,pooled,venn_abers,brier,0.14190779827151231,0.1364493392070484,0.005458459064463905,227.0,2.0
1mo,Politics,pooled,raw,ece,0.12149779735682814,0.12149779735682814,0.0,227.0,2.0
1mo,Politics,pooled,platt,ece,0.12512114014623668,0.12149779735682814,0.00362334278940854,227.0,2.0
1mo,Politics,pooled,isotonic,ece,0.11437464246073095,0.12149779735682814,-0.007123154896097189,227.0,2.0
1mo,Politics,pooled,binning10,ece,0.12539492165981325,0.12149779735682814,0.003897124302985111,227.0,2.0
1mo,Politics,pooled,venn_abers,ece,0.12264915382275275,0.12149779735682814,0.0011513564659246106,227.0,2.0
1mo,Politics,pooled,raw,log_loss,0.4257502991489704,0.4257502991489704,0.0,227.0,2.0
1mo,Politics,pooled,platt,log_loss,0.43077234811940807,0.4257502991489704,0.005022048970437676,227.0,2.0
1mo,Politics,pooled,isotonic,log_loss,0.47401249084924707,0.4257502991489704,0.04826219170027668,227.0,2.0
1mo,Politics,pooled,binning10,log_loss,0.43573107024956076,0.4257502991489704,0.009980771100590369,227.0,2.0
1mo,Politics,pooled,venn_abers,log_loss,0.4362927533635721,0.4257502991489704,0.010542454214601704,227.0,2.0
1mo,Sports,pooled,raw,brier,0.14776422535211264,0.14776422535211264,0.0,355.0,2.0
1mo,Sports,pooled,platt,brier,0.14922420568241224,0.14776422535211264,0.0014599803302995928,355.0,2.0
1mo,Sports,pooled,isotonic,brier,0.15303899737502163,0.14776422535211264,0.005274772022908991,355.0,2.0
1mo,Sports,pooled,binning10,brier,0.15040285365295158,0.14776422535211264,0.002638628300838941,355.0,2.0
1mo,Sports,pooled,venn_abers,brier,0.15248789212993613,0.14776422535211264,0.0047236667778234875,355.0,2.0
1mo,Sports,pooled,raw,ece,0.06250704225352108,0.06250704225352108,0.0,355.0,2.0
1mo,Sports,pooled,platt,ece,0.07063733666282855,0.06250704225352108,0.008130294409307473,355.0,2.0
1mo,Sports,pooled,isotonic,ece,0.10000699506936903,0.06250704225352108,0.03749995281584795,355.0,2.0
1mo,Sports,pooled,binning10,ece,0.07175201029198942,0.06250704225352108,0.009244968038468346,355.0,2.0
1mo,Sports,pooled,venn_abers,ece,0.10013694606439028,0.06250704225352108,0.0376299038108692,355.0,2.0
1mo,Sports,pooled,raw,log_loss,0.4584118446033899,0.4584118446033899,0.0,355.0,2.0
1mo,Sports,pooled,platt,log_loss,0.46264239392865364,0.4584118446033899,0.004230549325263733,355.0,2.0
1mo,Sports,pooled,isotonic,log_loss,0.49497780473064845,0.4584118446033899,0.036565960127258545,355.0,2.0
1mo,Sports,pooled,binning10,log_loss,0.46805752915667165,0.4584118446033899,0.009645684553281741,355.0,2.0
1mo,Sports,pooled,venn_abers,log_loss,0.46629823149472255,0.4584118446033899,0.007886386891332642,355.0,2.0
1mo,Weather,pooled,raw,brier,0.17961764705882352,0.17961764705882352,0.0,85.0,2.0
1mo,Weather,pooled,platt,brier,0.18413196323144337,0.17961764705882352,0.004514316172619853,85.0,2.0
1mo,Weather,pooled,isotonic,brier,0.1889868794739836,0.17961764705882352,0.009369232415160078,85.0,2.0
1mo,Weather,pooled,binning10,brier,0.1857794221316934,0.17961764705882352,0.006161775072869885,85.0,2.0
1mo,Weather,pooled,venn_abers,brier,0.18680440433886486,0.17961764705882352,0.007186757280041339,85.0,2.0
1mo,Weather,pooled,raw,ece,0.15023529411764702,0.15023529411764702,0.0,85.0,2.0
1mo,Weather,pooled,platt,ece,0.15615078602876972,0.15023529411764702,0.0059154919111227,85.0,2.0
1mo,Weather,pooled,isotonic,ece,0.12672476619190867,0.15023529411764702,-0.02351052792573835,85.0,2.0
1mo,Weather,pooled,binning10,ece,0.13127450252944164,0.15023529411764702,-0.018960791588205378,85.0,2.0
1mo,Weather,pooled,venn_abers,ece,0.1412025249326264,0.15023529411764702,-0.009032769185020634,85.0,2.0
1mo,Weather,pooled,raw,log_loss,0.5361789777815285,0.5361789777815285,0.0,85.0,2.0
1mo,Weather,pooled,platt,log_loss,0.5443466473031042,0.5361789777815285,0.008167669521575771,85.0,2.0
1mo,Weather,pooled,isotonic,log_loss,0.5661083545980228,0.5361789777815285,0.029929376816494324,85.0,2.0
1mo,Weather,pooled,binning10,log_loss,0.545086281312799,0.5361789777815285,0.00890730353127056,85.0,2.0
1mo,Weather,pooled,venn_abers,log_loss,0.553663975161591,0.5361789777815285,0.017484997380062595,85.0,2.0
1w,ALL,per_domain,raw,brier,0.1537014308012487,0.1537014308012487,0.0,3844.0,4.0
1w,ALL,per_domain,platt,brier,0.15380203558443029,0.1537014308012487,0.00010060478318157928,3844.0,4.0
1w,ALL,per_domain,isotonic,brier,0.15571937988783607,0.1537014308012487,0.0020179490865873673,3844.0,4.0
1w,ALL,per_domain,binning10,brier,0.15662110196151688,0.1537014308012487,0.0029196711602681724,3844.0,4.0
1w,ALL,per_domain,venn_abers,brier,0.1551557644802177,0.1537014308012487,0.0014543336789689942,3844.0,4.0
1w,ALL,per_domain,raw,ece,0.03283818938605615,0.03283818938605615,0.0,3844.0,4.0
1w,ALL,per_domain,platt,ece,0.029174474415181006,0.03283818938605615,-0.0036637149708751426,3844.0,4.0
1w,ALL,per_domain,isotonic,ece,0.04055995313248398,0.03283818938605615,0.007721763746427829,3844.0,4.0
1w,ALL,per_domain,binning10,ece,0.03810972168007484,0.03283818938605615,0.005271532294018694,3844.0,4.0
1w,ALL,per_domain,venn_abers,ece,0.040925775872221924,0.03283818938605615,0.008087586486165775,3844.0,4.0
1w,ALL,per_domain,raw,log_loss,0.468400347414781,0.468400347414781,0.0,3844.0,4.0
1w,ALL,per_domain,platt,log_loss,0.46969617909603134,0.468400347414781,0.001295831681250359,3844.0,4.0
1w,ALL,per_domain,isotonic,log_loss,0.5203092962477722,0.468400347414781,0.05190894883299124,3844.0,4.0
1w,ALL,per_domain,binning10,log_loss,0.4896132659893306,0.468400347414781,0.0212129185745496,3844.0,4.0
1w,ALL,per_domain,venn_abers,log_loss,0.47295955274443396,0.468400347414781,0.004559205329652982,3844.0,4.0
1w,Entertainment,per_domain,raw,brier,0.1491677248677248,0.1491677248677248,0.0,1134.0,4.0
1w,Entertainment,per_domain,platt,brier,0.14910752619243117,0.1491677248677248,-6.019867529363787e-05,1134.0,4.0
1w,Entertainment,per_domain,isotonic,brier,0.15155130960590868,0.1491677248677248,0.0023835847381838693,1134.0,4.0
1w,Entertainment,per_domain,binning10,brier,0.15270525125620746,0.1491677248677248,0.003537526388482648,1134.0,4.0
1w,Entertainment,per_domain,venn_abers,brier,0.1505033318531912,0.1491677248677248,0.0013356069854663921,1134.0,4.0
1w,Entertainment,per_domain,raw,ece,0.061816578483245135,0.061816578483245135,0.0,1134.0,4.0
1w,Entertainment,per_domain,platt,ece,0.06410516437544019,0.061816578483245135,0.0022885858921950497,1134.0,4.0
1w,Entertainment,per_domain,isotonic,ece,0.05833696136870062,0.061816578483245135,-0.003479617114544517,1134.0,4.0
1w,Entertainment,per_domain,binning10,ece,0.07575882058409109,0.061816578483245135,0.01394224210084595,1134.0,4.0
1w,Entertainment,per_domain,venn_abers,ece,0.0642785277860046,0.061816578483245135,0.0024619493027594613,1134.0,4.0
1w,Entertainment,per_domain,raw,log_loss,0.4582671861836964,0.4582671861836964,0.0,1134.0,4.0
1w,Entertainment,per_domain,platt,log_loss,0.4604356801254106,0.4582671861836964,0.0021684939417142,1134.0,4.0
1w,Entertainment,per_domain,isotonic,log_loss,0.5086584802689227,0.4582671861836964,0.0503912940852263,1134.0,4.0
1w,Entertainment,per_domain,binning10,log_loss,0.4889459181104882,0.4582671861836964,0.030678731926791825,1134.0,4.0
1w,Entertainment,per_domain,venn_abers,log_loss,0.4633685379139364,0.4582671861836964,0.005101351730240011,1134.0,4.0
1w,Finance,per_domain,raw,brier,0.12984621212121208,0.12984621212121208,0.0,660.0,4.0
1w,Finance,per_domain,platt,brier,0.13044317973410594,0.12984621212121208,0.0005969676128938506,660.0,4.0
1w,Finance,per_domain,isotonic,brier,0.1296155240515518,0.12984621212121208,-0.0002306880696602842,660.0,4.0
1w,Finance,per_domain,binning10,brier,0.13014291369745568,0.12984621212121208,0.00029670157624359095,660.0,4.0
1w,Finance,per_domain,venn_abers,brier,0.12974604715428498,0.12984621212121208,-0.00010016496692710763,660.0,4.0
1w,Finance,per_domain,raw,ece,0.07928787878787874,0.07928787878787874,0.0,660.0,4.0
1w,Finance,per_domain,platt,ece,0.08050705457476978,0.07928787878787874,0.0012191757868910413,660.0,4.0
1w,Finance,per_domain,isotonic,ece,0.07501216306883465,0.07928787878787874,-0.0042757157190440875,660.0,4.0
1w,Finance,per_domain,binning10,ece,0.07397828643551725,0.07928787878787874,-0.005309592352361489,660.0,4.0
1w,Finance,per_domain,venn_abers,ece,0.0769644279388508,0.07928787878787874,-0.002323450849027936,660.0,4.0
1w,Finance,per_domain,raw,log_loss,0.40703782347814055,0.40703782347814055,0.0,660.0,4.0
1w,Finance,per_domain,platt,log_loss,0.40627693699388817,0.40703782347814055,-0.0007608864842523766,660.0,4.0
1w,Finance,per_domain,isotonic,log_loss,0.43586466899024634,0.40703782347814055,0.028826845512105792,660.0,4.0
1w,Finance,per_domain,binning10,log_loss,0.4054887805652072,0.40703782347814055,-0.0015490429129333405,660.0,4.0
1w,Finance,per_domain,venn_abers,log_loss,0.40810848112860143,0.40703782347814055,0.0010706576504608822,660.0,4.0
1w,Politics,per_domain,raw,brier,0.16762705314009657,0.16762705314009657,0.0,414.0,2.0
1w,Politics,per_domain,platt,brier,0.16857276829237905,0.16762705314009657,0.000945715152282478,414.0,2.0
1w,Politics,per_domain,isotonic,brier,0.1668100951182396,0.16762705314009657,-0.0008169580218569672,414.0,2.0
1w,Politics,per_domain,binning10,brier,0.16777555856168286,0.16762705314009657,0.00014850542158628688,414.0,2.0
1w,Politics,per_domain,venn_abers,brier,0.16689118551162999,0.16762705314009657,-0.0007358676284665855,414.0,2.0
1w,Politics,per_domain,raw,ece,0.0826570048309178,0.0826570048309178,0.0,414.0,2.0
1w,Politics,per_domain,platt,ece,0.09986268581086084,0.0826570048309178,0.017205680979943044,414.0,2.0
1w,Politics,per_domain,isotonic,ece,0.08682770031185001,0.0826570048309178,0.004170695480932213,414.0,2.0
1w,Politics,per_domain,binning10,ece,0.07069835109176426,0.0826570048309178,-0.011958653739153544,414.0,2.0
1w,Politics,per_domain,venn_abers,ece,0.09372962860670729,0.0826570048309178,0.011072623775789492,414.0,2.0
1w,Politics,per_domain,raw,log_loss,0.5003272814683138,0.5003272814683138,0.0,414.0,2.0
1w,Politics,per_domain,platt,log_loss,0.5090157688385026,0.5003272814683138,0.008688487370188791,414.0,2.0
1w,Politics,per_domain,isotonic,log_loss,0.5553372240891651,0.5003272814683138,0.05500994262085124,414.0,2.0
1w,Politics,per_domain,binning10,log_loss,0.5085392441553426,0.5003272814683138,0.008211962687028729,414.0,2.0
1w,Politics,per_domain,venn_abers,log_loss,0.5061095134015936,0.5003272814683138,0.005782231933279758,414.0,2.0
1w,Sports,per_domain,raw,brier,0.16381505662891402,0.16381505662891402,0.0,1501.0,2.0
1w,Sports,per_domain,platt,brier,0.16353624700929806,0.16381505662891402,-0.0002788096196159606,1501.0,2.0
1w,Sports,per_domain,isotonic,brier,0.16721172273454754,0.16381505662891402,0.0033966661056335223,1501.0,2.0
1w,Sports,per_domain,binning10,brier,0.16784867923381336,0.16381505662891402,0.0040336226048993395,1501.0,2.0
1w,Sports,per_domain,venn_abers,brier,0.16650610596557833,0.16381505662891402,0.0026910493366643085,1501.0,2.0
1w,Sports,per_domain,raw,ece,0.04882078614257154,0.04882078614257154,0.0,1501.0,2.0
1w,Sports,per_domain,platt,ece,0.04842506010164429,0.04882078614257154,-0.00039572604092725366,1501.0,2.0
1w,Sports,per_domain,isotonic,ece,0.053464681913930334,0.04882078614257154,0.004643895771358791,1501.0,2.0
1w,Sports,per_domain,binning10,ece,0.02776293861383324,0.04882078614257154,-0.021057847528738304,1501.0,2.0
1w,Sports,per_domain,venn_abers,ece,0.04441822648640734,0.04882078614257154,-0.0044025596561642,1501.0,2.0
1w,Sports,per_domain,raw,log_loss,0.4942292345446718,0.4942292345446718,0.0,1501.0,2.0
1w,Sports,per_domain,platt,log_loss,0.4932230560817174,0.4942292345446718,-0.0010061784629544213,1501.0,2.0
1w,Sports,per_domain,isotonic,log_loss,0.5547569960026687,0.4942292345446718,0.060527761457996876,1501.0,2.0
1w,Sports,per_domain,binning10,log_loss,0.5159929323641413,0.4942292345446718,0.02176369781946952,1501.0,2.0
1w,Sports,per_domain,venn_abers,log_loss,0.49900567529833234,0.4942292345446718,0.004776440753660516,1501.0,2.0
1w,Weather,per_domain,raw,brier,0.15325629629629625,0.15325629629629625,0.0,135.0,4.0
1w,Weather,per_domain,platt,brier,0.1539078416727541,0.15325629629629625,0.0006515453764578405,135.0,4.0
1w,Weather,per_domain,isotonic,brier,0.15656066754229803,0.15325629629629625,0.003304371246001775,135.0,4.0
1w,Weather,per_domain,binning10,brier,0.159922142227559,0.15325629629629625,0.006665845931262737,135.0,4.0
1w,Weather,per_domain,venn_abers,brier,0.15627387675897905,0.15325629629629625,0.0030175804626828007,135.0,4.0
1w,Weather,per_domain,raw,ece,0.1394074074074074,0.1394074074074074,0.0,135.0,4.0
1w,Weather,per_domain,platt,ece,0.1416349669187341,0.1394074074074074,0.0022275595113266933,135.0,4.0
1w,Weather,per_domain,isotonic,ece,0.12187279134447701,0.1394074074074074,-0.017534616062930386,135.0,4.0
1w,Weather,per_domain,binning10,ece,0.12933708267041596,0.1394074074074074,-0.010070324736991432,135.0,4.0
1w,Weather,per_domain,venn_abers,ece,0.13104295651310105,0.1394074074074074,-0.008364450894306347,135.0,4.0
1w,Weather,per_domain,raw,log_loss,0.4684252389266601,0.4684252389266601,0.0,135.0,4.0
1w,Weather,per_domain,platt,log_loss,0.4753699058456654,0.4684252389266601,0.0069446669190053045,135.0,4.0
1w,Weather,per_domain,isotonic,log_loss,0.5405901840370015,0.4684252389266601,0.07216494511034144,135.0,4.0
1w,Weather,per_domain,binning10,log_loss,0.5551517747686544,0.4684252389266601,0.0867265358419943,135.0,4.0
1w,Weather,per_domain,venn_abers,log_loss,0.47931958547605213,0.4684252389266601,0.010894346549392031,135.0,4.0
1w,ALL,pooled,raw,brier,0.15451431807884,0.15451431807884,0.0,4414.0,4.0
1w,ALL,pooled,platt,brier,0.15488417686538059,0.15451431807884,0.00036985878654058335,4414.0,4.0
1w,ALL,pooled,isotonic,brier,0.15645499928100517,0.15451431807884,0.0019406812021651731,4414.0,4.0
1w,ALL,pooled,binning10,brier,0.1564619488931354,0.15451431807884,0.0019476308142953869,4414.0,4.0
1w,ALL,pooled,venn_abers,brier,0.15636644616805476,0.15451431807884,0.0018521280892147551,4414.0,4.0
1w,ALL,pooled,raw,ece,0.032424105120072426,0.032424105120072426,0.0,4414.0,4.0
1w,ALL,pooled,platt,ece,0.03322906451599469,0.032424105120072426,0.0008049593959222612,4414.0,4.0
1w,ALL,pooled,isotonic,ece,0.03887747570288859,0.032424105120072426,0.006453370582816163,4414.0,4.0
1w,ALL,pooled,binning10,ece,0.036133466936540154,0.032424105120072426,0.003709361816467728,4414.0,4.0
1w,ALL,pooled,venn_abers,ece,0.03790172362411999,0.032424105120072426,0.005477618504047564,4414.0,4.0
1w,ALL,pooled,raw,log_loss,0.47121168994560914,0.47121168994560914,0.0,4414.0,4.0
1w,ALL,pooled,platt,log_loss,0.4718077158802758,0.47121168994560914,0.0005960259346666774,4414.0,4.0
1w,ALL,pooled,isotonic,log_loss,0.49343774012262165,0.47121168994560914,0.022226050177012513,4414.0,4.0
1w,ALL,pooled,binning10,log_loss,0.4768572611965397,0.47121168994560914,0.00564557125093057,4414.0,4.0
1w,ALL,pooled,venn_abers,log_loss,0.476327834752631,0.47121168994560914,0.005116144807021883,4414.0,4.0
1w,Crypto,pooled,raw,brier,0.1629325842696629,0.1629325842696629,0.0,89.0,4.0
1w,Crypto,pooled,platt,brier,0.17175071338633177,0.1629325842696629,0.008818129116668877,89.0,4.0
1w,Crypto,pooled,isotonic,brier,0.16574133438251812,0.1629325842696629,0.002808750112855224,89.0,4.0
1w,Crypto,pooled,binning10,brier,0.17208522950804964,0.1629325842696629,0.009152645238386742,89.0,4.0
1w,Crypto,pooled,venn_abers,brier,0.16633929614948767,0.1629325842696629,0.0034067118798247753,89.0,4.0
1w,Crypto,pooled,raw,ece,0.24904761904761905,0.24904761904761905,0.0,63.0,2.0
1w,Crypto,pooled,platt,ece,0.26661273223558607,0.24904761904761905,0.017565113187967024,63.0,2.0
1w,Crypto,pooled,isotonic,ece,0.25670676434224565,0.24904761904761905,0.007659145294626607,63.0,2.0
1w,Crypto,pooled,binning10,ece,0.24585450451254398,0.24904761904761905,-0.0031931145350750645,63.0,2.0
1w,Crypto,pooled,venn_abers,ece,0.2568391130725292,0.24904761904761905,0.007791494024910167,63.0,2.0
1w,Crypto,pooled,raw,log_loss,0.49316677217130656,0.49316677217130656,0.0,89.0,4.0
1w,Crypto,pooled,platt,log_loss,0.5114174726628242,0.49316677217130656,0.01825070049151767,89.0,4.0
1w,Crypto,pooled,isotonic,log_loss,0.5010811261485952,0.49316677217130656,0.00791435397728868,89.0,4.0
1w,Crypto,pooled,binning10,log_loss,0.5160020913197026,0.49316677217130656,0.022835319148396094,89.0,4.0
1w,Crypto,pooled,venn_abers,log_loss,0.502883382096958,0.49316677217130656,0.009716609925651487,89.0,4.0
1w,Entertainment,pooled,raw,brier,0.1491677248677248,0.1491677248677248,0.0,1134.0,4.0
1w,Entertainment,pooled,platt,brier,0.14974186506455536,0.1491677248677248,0.0005741401968305526,1134.0,4.0
1w,Entertainment,pooled,isotonic,brier,0.15068552452653453,0.1491677248677248,0.0015177996588097153,1134.0,4.0
1w,Entertainment,pooled,binning10,brier,0.15106396014593174,0.1491677248677248,0.0018962352782069258,1134.0,4.0
1w,Entertainment,pooled,venn_abers,brier,0.150752367553419,0.1491677248677248,0.001584642685694193,1134.0,4.0
1w,Entertainment,pooled,raw,ece,0.061816578483245135,0.061816578483245135,0.0,1134.0,4.0
1w,Entertainment,pooled,platt,ece,0.06333105524488541,0.061816578483245135,0.0015144767616402793,1134.0,4.0
1w,Entertainment,pooled,isotonic,ece,0.0685404917203317,0.061816578483245135,0.006723913237086571,1134.0,4.0
1w,Entertainment,pooled,binning10,ece,0.05968811770010932,0.061816578483245135,-0.0021284607831358188,1134.0,4.0
1w,Entertainment,pooled,venn_abers,ece,0.0677736145115349,0.061816578483245135,0.005957036028289758,1134.0,4.0
1w,Entertainment,pooled,raw,log_loss,0.4582671861836964,0.4582671861836964,0.0,1134.0,4.0
1w,Entertainment,pooled,platt,log_loss,0.45966136624345677,0.4582671861836964,0.001394180059760386,1134.0,4.0
1w,Entertainment,pooled,isotonic,log_loss,0.4795828344385516,0.4582671861836964,0.021315648254855213,1134.0,4.0
1w,Entertainment,pooled,binning10,log_loss,0.46585155445192417,0.4582671861836964,0.007584368268227781,1134.0,4.0
1w,Entertainment,pooled,venn_abers,log_loss,0.463668637627465,0.4582671861836964,0.0054014514437686345,1134.0,4.0
1w,Finance,pooled,raw,brier,0.12984621212121208,0.12984621212121208,0.0,660.0,4.0
1w,Finance,pooled,platt,brier,0.12837261225446248,0.12984621212121208,-0.0014735998667496086,660.0,4.0
1w,Finance,pooled,isotonic,brier,0.13054795138237676,0.12984621212121208,0.00070173926116468,660.0,4.0
1w,Finance,pooled,binning10,brier,0.1300226399574315,0.12984621212121208,0.00017642783621940605,660.0,4.0
1w,Finance,pooled,venn_abers,brier,0.13060434887964772,0.12984621212121208,0.0007581367584356402,660.0,4.0
1w,Finance,pooled,raw,ece,0.07928787878787874,0.07928787878787874,0.0,660.0,4.0
1w,Finance,pooled,platt,ece,0.0741037475755336,0.07928787878787874,-0.005184131212345136,660.0,4.0
1w,Finance,pooled,isotonic,ece,0.06403867488816603,0.07928787878787874,-0.01524920389971271,660.0,4.0
1w,Finance,pooled,binning10,ece,0.07273894939713701,0.07928787878787874,-0.006548929390741726,660.0,4.0
1w,Finance,pooled,venn_abers,ece,0.07046057836962064,0.07928787878787874,-0.008827300418258105,660.0,4.0
1w,Finance,pooled,raw,log_loss,0.40703782347814055,0.40703782347814055,0.0,660.0,4.0
1w,Finance,pooled,platt,log_loss,0.40160594325376037,0.40703782347814055,-0.005431880224380181,660.0,4.0
1w,Finance,pooled,isotonic,log_loss,0.4066653089479911,0.40703782347814055,-0.00037251453014947034,660.0,4.0
1w,Finance,pooled,binning10,log_loss,0.40634233978027934,0.40703782347814055,-0.00069548369786121,660.0,4.0
1w,Finance,pooled,venn_abers,log_loss,0.4083522752869089,0.40703782347814055,0.0013144518087683243,660.0,4.0
1w,Politics,pooled,raw,brier,0.17683104434907004,0.17683104434907004,0.0,699.0,4.0
1w,Politics,pooled,platt,brier,0.17943046979528082,0.17683104434907004,0.002599425446210779,699.0,4.0
1w,Politics,pooled,isotonic,brier,0.1795937844742783,0.17683104434907004,0.002762740125208246,699.0,4.0
1w,Politics,pooled,binning10,brier,0.18035574622583916,0.17683104434907004,0.0035247018767691207,699.0,4.0
1w,Politics,pooled,venn_abers,brier,0.17838051755578266,0.17683104434907004,0.001549473206712615,699.0,4.0
1w,Politics,pooled,raw,ece,0.09165951359084401,0.09165951359084401,0.0,699.0,4.0
1w,Politics,pooled,platt,ece,0.10164289256187814,0.09165951359084401,0.00998337897103413,699.0,4.0
1w,Politics,pooled,isotonic,ece,0.1008448920313003,0.09165951359084401,0.00918537844045629,699.0,4.0
1w,Politics,pooled,binning10,ece,0.0991795209596372,0.09165951359084401,0.007520007368793186,699.0,4.0
1w,Politics,pooled,venn_abers,ece,0.09563272384440202,0.09165951359084401,0.003973210253558013,699.0,4.0
1w,Politics,pooled,raw,log_loss,0.5303563492252712,0.5303563492252712,0.0,699.0,4.0
1w,Politics,pooled,platt,log_loss,0.5401066740007393,0.5303563492252712,0.009750324775468111,699.0,4.0
1w,Politics,pooled,isotonic,log_loss,0.6279363980713603,0.5303563492252712,0.09758004884608906,699.0,4.0
1w,Politics,pooled,binning10,log_loss,0.5463258623511119,0.5303563492252712,0.015969513125840717,699.0,4.0
1w,Politics,pooled,venn_abers,log_loss,0.5410104742901208,0.5303563492252712,0.01065412506484964,699.0,4.0
1w,Sports,pooled,raw,brier,0.15814731879787855,0.15814731879787855,0.0,1697.0,4.0
1w,Sports,pooled,platt,brier,0.1575197735668077,0.15814731879787855,-0.0006275452310708363,1697.0,4.0
1w,Sports,pooled,isotonic,brier,0.16029290126346396,0.15814731879787855,0.0021455824655854105,1697.0,4.0
1w,Sports,pooled,binning10,brier,0.15960710249927113,0.15814731879787855,0.0014597837013925752,1697.0,4.0
1w,Sports,pooled,venn_abers,brier,0.1604708234903012,0.15814731879787855,0.002323504692422651,1697.0,4.0
1w,Sports,pooled,raw,ece,0.05327047731290505,0.05327047731290505,0.0,1697.0,4.0
1w,Sports,pooled,platt,ece,0.0462724104079831,0.05327047731290505,-0.006998066904921954,1697.0,4.0
1w,Sports,pooled,isotonic,ece,0.05385352790200122,0.05327047731290505,0.0005830505890961693,1697.0,4.0
1w,Sports,pooled,binning10,ece,0.052338846624632014,0.05327047731290505,-0.0009316306882730385,1697.0,4.0
1w,Sports,pooled,venn_abers,ece,0.05035856329672927,0.05327047731290505,-0.0029119140161757845,1697.0,4.0
1w,Sports,pooled,raw,log_loss,0.47952864390408034,0.47952864390408034,0.0,1697.0,4.0
1w,Sports,pooled,platt,log_loss,0.4766267153816675,0.47952864390408034,-0.0029019285224128333,1697.0,4.0
1w,Sports,pooled,isotonic,log_loss,0.4815331884657729,0.47952864390408034,0.0020045445616925783,1697.0,4.0
1w,Sports,pooled,binning10,log_loss,0.4809878821337483,0.47952864390408034,0.0014592382296679807,1697.0,4.0
1w,Sports,pooled,venn_abers,log_loss,0.4827431690849371,0.47952864390408034,0.003214525180856742,1697.0,4.0
1w,Weather,pooled,raw,brier,0.15325629629629625,0.15325629629629625,0.0,135.0,4.0
1w,Weather,pooled,platt,brier,0.15634659252949037,0.15325629629629625,0.003090296233194123,135.0,4.0
1w,Weather,pooled,isotonic,brier,0.15740182629063124,0.15325629629629625,0.004145529994334984,135.0,4.0
1w,Weather,pooled,binning10,brier,0.15751158709308866,0.15325629629629625,0.004255290796792405,135.0,4.0
1w,Weather,pooled,venn_abers,brier,0.15732053131712212,0.15325629629629625,0.004064235020825868,135.0,4.0
1w,Weather,pooled,raw,ece,0.1394074074074074,0.1394074074074074,0.0,135.0,4.0
1w,Weather,pooled,platt,ece,0.1428272031766699,0.1394074074074074,0.0034197957692624903,135.0,4.0
1w,Weather,pooled,isotonic,ece,0.14039663564265575,0.1394074074074074,0.0009892282352483572,135.0,4.0
1w,Weather,pooled,binning10,ece,0.12606694664475146,0.1394074074074074,-0.013340460762655937,135.0,4.0
1w,Weather,pooled,venn_abers,ece,0.1408069198713792,0.1394074074074074,0.001399512463971797,135.0,4.0
1w,Weather,pooled,raw,log_loss,0.4684252389266601,0.4684252389266601,0.0,135.0,4.0
1w,Weather,pooled,platt,log_loss,0.47671918393909346,0.4684252389266601,0.008293945012433357,135.0,4.0
1w,Weather,pooled,isotonic,log_loss,0.4822412106425022,0.4684252389266601,0.01381597171584209,135.0,4.0
1w,Weather,pooled,binning10,log_loss,0.4766218076015445,0.4684252389266601,0.008196568674884386,135.0,4.0
1w,Weather,pooled,venn_abers,log_loss,0.4819275953084894,0.4684252389266601,0.013502356381829284,135.0,4.0
24h,ALL,per_domain,raw,brier,0.16848719518862765,0.16848719518862765,0.0,36580.0,14.0
24h,ALL,per_domain,platt,brier,0.1688750010399245,0.16848719518862765,0.0003878058512968574,36580.0,14.0
24h,ALL,per_domain,isotonic,brier,0.16975448500813184,0.16848719518862765,0.0012672898195041915,36580.0,14.0
24h,ALL,per_domain,binning10,brier,0.17079253534854275,0.16848719518862765,0.002305340159915098,36580.0,14.0
24h,ALL,per_domain,venn_abers,brier,0.16948267249702706,0.16848719518862765,0.0009954773083994117,36580.0,14.0
24h,ALL,per_domain,raw,ece,0.020861126298523717,0.020861126298523717,0.0,36580.0,14.0
24h,ALL,per_domain,platt,ece,0.023644043949163737,0.020861126298523717,0.0027829176506400204,36580.0,14.0
24h,ALL,per_domain,isotonic,ece,0.027846724153351963,0.020861126298523717,0.006985597854828246,36580.0,14.0
24h,ALL,per_domain,binning10,ece,0.02718690414792961,0.020861126298523717,0.006325777849405894,36580.0,14.0
24h,ALL,per_domain,venn_abers,ece,0.02562559128148185,0.020861126298523717,0.0047644649829581345,36580.0,14.0
24h,ALL,per_domain,raw,log_loss,0.5090944283283942,0.5090944283283942,0.0,36580.0,14.0
24h,ALL,per_domain,platt,log_loss,0.5103406619116723,0.5090944283283942,0.0012462335832780225,36580.0,14.0
24h,ALL,per_domain,isotonic,log_loss,0.521678903079991,0.5090944283283942,0.012584474751596741,36580.0,14.0
24h,ALL,per_domain,binning10,log_loss,0.5186794354881453,0.5090944283283942,0.00958500715975108,36580.0,14.0
24h,ALL,per_domain,venn_abers,log_loss,0.5116697730998091,0.5090944283283942,0.002575344771414856,36580.0,14.0
24h,Crypto,per_domain,raw,brier,0.2075482071713147,0.2075482071713147,0.0,1255.0,3.0
24h,Crypto,per_domain,platt,brier,0.2087109501928792,0.2075482071713147,0.001162743021564494,1255.0,3.0
24h,Crypto,per_domain,isotonic,brier,0.21158810710835568,0.2075482071713147,0.004039899937040986,1255.0,3.0
24h,Crypto,per_domain,binning10,brier,0.21233016925139203,0.2075482071713147,0.004781962080077334,1255.0,3.0
24h,Crypto,per_domain,venn_abers,brier,0.21008495064353075,0.2075482071713147,0.002536743472216052,1255.0,3.0
24h,Crypto,per_domain,raw,ece,0.07308366533864538,0.07308366533864538,0.0,1255.0,3.0
24h,Crypto,per_domain,platt,ece,0.08477639870823005,0.07308366533864538,0.011692733369584665,1255.0,3.0
24h,Crypto,per_domain,isotonic,ece,0.09171347433102314,0.07308366533864538,0.01862980899237776,1255.0,3.0
24h,Crypto,per_domain,binning10,ece,0.09166339541153079,0.07308366533864538,0.01857973007288541,1255.0,3.0
24h,Crypto,per_domain,venn_abers,ece,0.08629394667676055,0.07308366533864538,0.013210281338115165,1255.0,3.0
24h,Crypto,per_domain,raw,log_loss,0.6105075646404443,0.6105075646404443,0.0,1255.0,3.0
24h,Crypto,per_domain,platt,log_loss,0.6116720273092692,0.6105075646404443,0.0011644626688248616,1255.0,3.0
24h,Crypto,per_domain,isotonic,log_loss,0.6231426106687353,0.6105075646404443,0.01263504602829102,1255.0,3.0
24h,Crypto,per_domain,binning10,log_loss,0.623023297642623,0.6105075646404443,0.012515733002178675,1255.0,3.0
24h,Crypto,per_domain,venn_abers,log_loss,0.6152127313001804,0.6105075646404443,0.004705166659736082,1255.0,3.0
24h,Entertainment,per_domain,raw,brier,0.14920357815442556,0.14920357815442556,0.0,2124.0,6.0
24h,Entertainment,per_domain,platt,brier,0.14960908673661927,0.14920357815442556,0.0004055085821937088,2124.0,6.0
24h,Entertainment,per_domain,isotonic,brier,0.1519743237517422,0.14920357815442556,0.0027707455973166317,2124.0,6.0
24h,Entertainment,per_domain,binning10,brier,0.15123346929857076,0.14920357815442556,0.0020298911441452017,2124.0,6.0
24h,Entertainment,per_domain,venn_abers,brier,0.15088783221985366,0.14920357815442556,0.0016842540654281035,2124.0,6.0
24h,Entertainment,per_domain,raw,ece,0.05322975517890769,0.05322975517890769,0.0,2124.0,6.0
24h,Entertainment,per_domain,platt,ece,0.05092700302923609,0.05322975517890769,-0.0023027521496715997,2124.0,6.0
24h,Entertainment,per_domain,isotonic,ece,0.05903086161959904,0.05322975517890769,0.005801106440691352,2124.0,6.0
24h,Entertainment,per_domain,binning10,ece,0.062050468110091336,0.05322975517890769,0.008820712931183645,2124.0,6.0
24h,Entertainment,per_domain,venn_abers,ece,0.04761127033252135,0.05322975517890769,-0.005618484846386343,2124.0,6.0
24h,Entertainment,per_domain,raw,log_loss,0.4641246038855075,0.4641246038855075,0.0,2124.0,6.0
24h,Entertainment,per_domain,platt,log_loss,0.46730563025611477,0.4641246038855075,0.003181026370607243,2124.0,6.0
24h,Entertainment,per_domain,isotonic,log_loss,0.5254603507643872,0.4641246038855075,0.061335746878879716,2124.0,6.0
24h,Entertainment,per_domain,binning10,log_loss,0.505051318376101,0.4641246038855075,0.04092671449059343,2124.0,6.0
24h,Entertainment,per_domain,venn_abers,log_loss,0.46874372245273266,0.4641246038855075,0.004619118567225133,2124.0,6.0
24h,Finance,per_domain,raw,brier,0.13977288774295915,0.13977288774295915,0.0,5042.0,13.0
24h,Finance,per_domain,platt,brier,0.1402908654174998,0.13977288774295915,0.0005179776745406484,5042.0,13.0
24h,Finance,per_domain,isotonic,brier,0.14107562307868607,0.13977288774295915,0.0013027353357269178,5042.0,13.0
24h,Finance,per_domain,binning10,brier,0.14326308111442515,0.13977288774295915,0.0034901933714659994,5042.0,13.0
24h,Finance,per_domain,venn_abers,brier,0.1409089945652956,0.13977288774295915,0.0011361068223364468,5042.0,13.0
24h,Finance,per_domain,raw,ece,0.04713407378024589,0.04713407378024589,0.0,5042.0,13.0
24h,Finance,per_domain,platt,ece,0.048946442756568134,0.04713407378024589,0.001812368976322247,5042.0,13.0
24h,Finance,per_domain,isotonic,ece,0.043029685005687573,0.04713407378024589,-0.004104388774558314,5042.0,13.0
24h,Finance,per_domain,binning10,ece,0.049525661217858175,0.04713407378024589,0.0023915874376122873,5042.0,13.0
24h,Finance,per_domain,venn_abers,ece,0.04265650888261662,0.04713407378024589,-0.004477564897629266,5042.0,13.0
24h,Finance,per_domain,raw,log_loss,0.44466827258263486,0.44466827258263486,0.0,5042.0,13.0
24h,Finance,per_domain,platt,log_loss,0.44570886023587797,0.44466827258263486,0.001040587653243108,5042.0,13.0
24h,Finance,per_domain,isotonic,log_loss,0.4546165334480746,0.44466827258263486,0.009948260865439762,5042.0,13.0
24h,Finance,per_domain,binning10,log_loss,0.45542283389917615,0.44466827258263486,0.010754561316541289,5042.0,13.0
24h,Finance,per_domain,venn_abers,log_loss,0.4478610328392859,0.44466827258263486,0.0031927602566510505,5042.0,13.0
24h,Politics,per_domain,raw,brier,0.17258705882352943,0.17258705882352943,0.0,850.0,2.0
24h,Politics,per_domain,platt,brier,0.17384593999229395,0.17258705882352943,0.0012588811687645196,850.0,2.0
24h,Politics,per_domain,isotonic,brier,0.17655870499503193,0.17258705882352943,0.003971646171502502,850.0,2.0
24h,Politics,per_domain,binning10,brier,0.18020867162256524,0.17258705882352943,0.00762161279903581,850.0,2.0
24h,Politics,per_domain,venn_abers,brier,0.1769070274529432,0.17258705882352943,0.0043199686294137785,850.0,2.0
24h,Politics,per_domain,raw,ece,0.05418823529411764,0.05418823529411764,0.0,850.0,2.0
24h,Politics,per_domain,platt,ece,0.06298892360629378,0.05418823529411764,0.00880068831217614,850.0,2.0
24h,Politics,per_domain,isotonic,ece,0.060963693714765184,0.05418823529411764,0.006775458420647543,850.0,2.0
24h,Politics,per_domain,binning10,ece,0.06732872355497445,0.05418823529411764,0.013140488260856807,850.0,2.0
24h,Politics,per_domain,venn_abers,ece,0.07005019431903009,0.05418823529411764,0.01586195902491245,850.0,2.0
24h,Politics,per_domain,raw,log_loss,0.5149192015814857,0.5149192015814857,0.0,850.0,2.0
24h,Politics,per_domain,platt,log_loss,0.519188727954222,0.5149192015814857,0.004269526372736254,850.0,2.0
24h,Politics,per_domain,isotonic,log_loss,0.5362991211906342,0.5149192015814857,0.021379919609148423,850.0,2.0
24h,Politics,per_domain,binning10,log_loss,0.5345568981773706,0.5149192015814857,0.01963769659588488,850.0,2.0
24h,Politics,per_domain,venn_abers,log_loss,0.5266544484725448,0.5149192015814857,0.011735246891059092,850.0,2.0
24h,Sports,per_domain,raw,brier,0.19450662859980133,0.19450662859980133,0.0,8056.0,2.0
24h,Sports,per_domain,platt,brier,0.19531884004403613,0.19450662859980133,0.000812211444234795,8056.0,2.0
24h,Sports,per_domain,isotonic,brier,0.1963126569222912,0.19450662859980133,0.0018060283224898555,8056.0,2.0
24h,Sports,per_domain,binning10,brier,0.19703021121609482,0.19450662859980133,0.002523582616293485,8056.0,2.0
24h,Sports,per_domain,venn_abers,brier,0.19566167624925304,0.19450662859980133,0.001155047649451707,8056.0,2.0
24h,Sports,per_domain,raw,ece,0.020059582919562974,0.020059582919562974,0.0,8056.0,2.0
24h,Sports,per_domain,platt,ece,0.02664818331466433,0.020059582919562974,0.006588600395101358,8056.0,2.0
24h,Sports,per_domain,isotonic,ece,0.036760492028982364,0.020059582919562974,0.01670090910941939,8056.0,2.0
24h,Sports,per_domain,binning10,ece,0.032369369695811084,0.020059582919562974,0.01230978677624811,8056.0,2.0
24h,Sports,per_domain,venn_abers,ece,0.031845769248676124,0.020059582919562974,0.01178618632911315,8056.0,2.0
24h,Sports,per_domain,raw,log_loss,0.5692322667403864,0.5692322667403864,0.0,8056.0,2.0
24h,Sports,per_domain,platt,log_loss,0.5728338400979759,0.5692322667403864,0.0036015733575894826,8056.0,2.0
24h,Sports,per_domain,isotonic,log_loss,0.5920155425690667,0.5692322667403864,0.02278327582868034,8056.0,2.0
24h,Sports,per_domain,binning10,log_loss,0.5823686799300497,0.5692322667403864,0.013136413189663299,8056.0,2.0
24h,Sports,per_domain,venn_abers,log_loss,0.5721407300962914,0.5692322667403864,0.002908463355905,8056.0,2.0
24h,Weather,per_domain,raw,brier,0.16451986183971326,0.16451986183971326,0.0,19253.0,14.0
24h,Weather,per_domain,platt,brier,0.16460507076801312,0.16451986183971326,8.520892829985693e-05,19253.0,14.0
24h,Weather,per_domain,isotonic,brier,0.16508645761976243,0.16451986183971326,0.0005665957800491672,19253.0,14.0
24h,Weather,per_domain,binning10,brier,0.16605783433408103,0.16451986183971326,0.0015379724943677675,19253.0,14.0
24h,Weather,per_domain,venn_abers,brier,0.16508851625468468,0.16451986183971326,0.0005686544149714201,19253.0,14.0
24h,Weather,per_domain,raw,ece,0.031140601464706767,0.031140601464706767,0.0,19253.0,14.0
24h,Weather,per_domain,platt,ece,0.030105782885413785,0.031140601464706767,-0.0010348185792929815,19253.0,14.0
24h,Weather,per_domain,isotonic,ece,0.027111082141533745,0.031140601464706767,-0.004029519323173022,19253.0,14.0
24h,Weather,per_domain,binning10,ece,0.028259122505836218,0.031140601464706767,-0.0028814789588705488,19253.0,14.0
24h,Weather,per_domain,venn_abers,ece,0.02747286029237298,0.031140601464706767,-0.003667741172333785,19253.0,14.0
24h,Weather,per_domain,raw,log_loss,0.4988964132036371,0.4988964132036371,0.0,19253.0,14.0
24h,Weather,per_domain,platt,log_loss,0.49886936850839697,0.4988964132036371,-2.704469524011932e-05,19253.0,14.0
24h,Weather,per_domain,isotonic,log_loss,0.5021339265392207,0.4988964132036371,0.0032375133355836416,19253.0,14.0
24h,Weather,per_domain,binning10,log_loss,0.5025966412453713,0.4988964132036371,0.0037002280417341993,19253.0,14.0
24h,Weather,per_domain,venn_abers,log_loss,0.5004019802257633,0.4988964132036371,0.0015055670221262307,19253.0,14.0
24h,ALL,pooled,raw,brier,0.16709801283054293,0.16709801283054293,0.0,38346.0,14.0
24h,ALL,pooled,platt,brier,0.1672171950231146,0.16709801283054293,0.00011918219257167628,38346.0,14.0
24h,ALL,pooled,isotonic,brier,0.16767163120950113,0.16709801283054293,0.0005736183789581961,38346.0,14.0
24h,ALL,pooled,binning10,brier,0.16973439468256946,0.16709801283054293,0.002636381852026526,38346.0,14.0
24h,ALL,pooled,venn_abers,brier,0.16765136903421501,0.16709801283054293,0.000553356203672084,38346.0,14.0
24h,ALL,pooled,raw,ece,0.02118865070672294,0.02118865070672294,0.0,38346.0,14.0
24h,ALL,pooled,platt,ece,0.021169881694451012,0.02118865070672294,-1.8769012271928343e-05,38346.0,14.0
24h,ALL,pooled,isotonic,ece,0.0234841271638293,0.02118865070672294,0.002295476457106361,38346.0,14.0
24h,ALL,pooled,binning10,ece,0.02400371003095071,0.02118865070672294,0.002815059324227768,38346.0,14.0
24h,ALL,pooled,venn_abers,ece,0.022847668389768924,0.02118865070672294,0.001659017683045983,38346.0,14.0
24h,ALL,pooled,raw,log_loss,0.5056766404185392,0.5056766404185392,0.0,38346.0,14.0
24h,ALL,pooled,platt,log_loss,0.505953815138514,0.5056766404185392,0.00027717471997479315,38346.0,14.0
24h,ALL,pooled,isotonic,log_loss,0.5091733827127131,0.5056766404185392,0.003496742294173849,38346.0,14.0
24h,ALL,pooled,binning10,log_loss,0.5131730052525167,0.5056766404185392,0.007496364833977531,38346.0,14.0
24h,ALL,pooled,venn_abers,log_loss,0.5073744264850685,0.5056766404185392,0.001697786066529261,38346.0,14.0
24h,Crypto,pooled,raw,brier,0.18808939226519333,0.18808939226519333,0.0,1810.0,7.0
24h,Crypto,pooled,platt,brier,0.18904357134868974,0.18808939226519333,0.0009541790834964037,1810.0,7.0
24h,Crypto,pooled,isotonic,brier,0.18908871707598274,0.18808939226519333,0.0009993248107894037,1810.0,7.0
24h,Crypto,pooled,binning10,brier,0.1935705019518548,0.18808939226519333,0.005481109686661462,1810.0,7.0
24h,Crypto,pooled,venn_abers,brier,0.18920092253596119,0.18808939226519333,0.001111530270767852,1810.0,7.0
24h,Crypto,pooled,raw,ece,0.0713266998341625,0.0713266998341625,0.0,1809.0,6.0
24h,Crypto,pooled,platt,ece,0.07510578458836492,0.0713266998341625,0.0037790847542024247,1809.0,6.0
24h,Crypto,pooled,isotonic,ece,0.07543586614559628,0.0713266998341625,0.004109166311433779,1809.0,6.0
24h,Crypto,pooled,binning10,ece,0.07921721179236617,0.0713266998341625,0.007890511958203672,1809.0,6.0
24h,Crypto,pooled,venn_abers,ece,0.07526038054429476,0.0713266998341625,0.003933680710132267,1809.0,6.0
24h,Crypto,pooled,raw,log_loss,0.5620312610954213,0.5620312610954213,0.0,1810.0,7.0
24h,Crypto,pooled,platt,log_loss,0.5653301342009363,0.5620312610954213,0.00329887310551491,1810.0,7.0
24h,Crypto,pooled,isotonic,log_loss,0.565556534341261,0.5620312610954213,0.003525273245839622,1810.0,7.0
24h,Crypto,pooled,binning10,log_loss,0.5792410082659237,0.5620312610954213,0.017209747170502387,1810.0,7.0
24h,Crypto,pooled,venn_abers,log_loss,0.5657764551006434,0.5620312610954213,0.0037451940052221078,1810.0,7.0
24h,Entertainment,pooled,raw,brier,0.1458505877231171,0.1458505877231171,0.0,2297.0,12.0
24h,Entertainment,pooled,platt,brier,0.1457891096352988,0.1458505877231171,-6.147808781828412e-05,2297.0,12.0
24h,Entertainment,pooled,isotonic,brier,0.14638854617417527,0.1458505877231171,0.0005379584510581681,2297.0,12.0
24h,Entertainment,pooled,binning10,brier,0.150379589865875,0.1458505877231171,0.004529002142757893,2297.0,12.0
24h,Entertainment,pooled,venn_abers,brier,0.14622627629532722,0.1458505877231171,0.0003756885722101255,2297.0,12.0
24h,Entertainment,pooled,raw,ece,0.05771729587357328,0.05771729587357328,0.0,2278.0,9.0
24h,Entertainment,pooled,platt,ece,0.05673437389797113,0.05771729587357328,-0.0009829219756021454,2278.0,9.0
24h,Entertainment,pooled,isotonic,ece,0.054426098956586066,0.05771729587357328,-0.0032911969169872116,2278.0,9.0
24h,Entertainment,pooled,binning10,ece,0.04828980393860398,0.05771729587357328,-0.0094274919349693,2278.0,9.0
24h,Entertainment,pooled,venn_abers,ece,0.05587365940519543,0.05771729587357328,-0.0018436364683778461,2278.0,9.0
24h,Entertainment,pooled,raw,log_loss,0.45494882372724704,0.45494882372724704,0.0,2297.0,12.0
24h,Entertainment,pooled,platt,log_loss,0.4549419004386741,0.45494882372724704,-6.923288572935338e-06,2297.0,12.0
24h,Entertainment,pooled,isotonic,log_loss,0.46244724772566875,0.45494882372724704,0.0074984239984217105,2297.0,12.0
24h,Entertainment,pooled,binning10,log_loss,0.4682783970589175,0.45494882372724704,0.013329573331670452,2297.0,12.0
24h,Entertainment,pooled,venn_abers,log_loss,0.4570936050104469,0.45494882372724704,0.002144781283199837,2297.0,12.0
24h,Finance,pooled,raw,brier,0.13959288148428625,0.13959288148428625,0.0,5282.0,14.0
24h,Finance,pooled,platt,brier,0.140065390583733,0.13959288148428625,0.00047250909944673847,5282.0,14.0
24h,Finance,pooled,isotonic,brier,0.14064769992298215,0.13959288148428625,0.001054818438695898,5282.0,14.0
24h,Finance,pooled,binning10,brier,0.143101887557777,0.13959288148428625,0.0035090060734907502,5282.0,14.0
24h,Finance,pooled,venn_abers,brier,0.14054876059114807,0.13959288148428625,0.0009558791068618178,5282.0,14.0
24h,Finance,pooled,raw,ece,0.047016281711472874,0.047016281711472874,0.0,5282.0,14.0
24h,Finance,pooled,platt,ece,0.049039678061254,0.047016281711472874,0.0020233963497811244,5282.0,14.0
24h,Finance,pooled,isotonic,ece,0.047597925461096785,0.047016281711472874,0.0005816437496239113,5282.0,14.0
24h,Finance,pooled,binning10,ece,0.04576491229599999,0.047016281711472874,-0.0012513694154728805,5282.0,14.0
24h,Finance,pooled,venn_abers,ece,0.04692599111585258,0.047016281711472874,-9.029059562029595e-05,5282.0,14.0
24h,Finance,pooled,raw,log_loss,0.4442828025889703,0.4442828025889703,0.0,5282.0,14.0
24h,Finance,pooled,platt,log_loss,0.44562541484892354,0.4442828025889703,0.0013426122599532464,5282.0,14.0
24h,Finance,pooled,isotonic,log_loss,0.45644129892371127,0.4442828025889703,0.012158496334740976,5282.0,14.0
24h,Finance,pooled,binning10,log_loss,0.45710402952004786,0.4442828025889703,0.012821226931077567,5282.0,14.0
24h,Finance,pooled,venn_abers,log_loss,0.44790081213433064,0.4442828025889703,0.0036180095453603456,5282.0,14.0
24h,Politics,pooled,raw,brier,0.16795546147332766,0.16795546147332766,0.0,1181.0,12.0
24h,Politics,pooled,platt,brier,0.16797692763856872,0.16795546147332766,2.146616524106859e-05,1181.0,12.0
24h,Politics,pooled,isotonic,brier,0.16867581170218046,0.16795546147332766,0.0007203502288528063,1181.0,12.0
24h,Politics,pooled,binning10,brier,0.17205270520534185,0.16795546147332766,0.0040972437320142,1181.0,12.0
24h,Politics,pooled,venn_abers,brier,0.16863980683731736,0.16795546147332766,0.0006843453639897024,1181.0,12.0
24h,Politics,pooled,raw,ece,0.05866134751773047,0.05866134751773047,0.0,1128.0,4.0
24h,Politics,pooled,platt,ece,0.05958154267086787,0.05866134751773047,0.0009201951531373972,1128.0,4.0
24h,Politics,pooled,isotonic,ece,0.06500948191207422,0.05866134751773047,0.0063481343943437435,1128.0,4.0
24h,Politics,pooled,binning10,ece,0.059668302688659636,0.05866134751773047,0.0010069551709291635,1128.0,4.0
24h,Politics,pooled,venn_abers,ece,0.06747693008864772,0.05866134751773047,0.008815582570917246,1128.0,4.0
24h,Politics,pooled,raw,log_loss,0.5050177615719633,0.5050177615719633,0.0,1181.0,12.0
24h,Politics,pooled,platt,log_loss,0.5049171064928719,0.5050177615719633,-0.00010065507909140514,1181.0,12.0
24h,Politics,pooled,isotonic,log_loss,0.5075627872018714,0.5050177615719633,0.002545025629908104,1181.0,12.0
24h,Politics,pooled,binning10,log_loss,0.5186605036613231,0.5050177615719633,0.013642742089359783,1181.0,12.0
24h,Politics,pooled,venn_abers,log_loss,0.50726944788342,0.5050177615719633,0.0022516863114566688,1181.0,12.0
24h,Sports,pooled,raw,brier,0.19111743517540766,0.19111743517540766,0.0,8523.0,7.0
24h,Sports,pooled,platt,brier,0.19098663263745874,0.19111743517540766,-0.00013080253794892083,8523.0,7.0
24h,Sports,pooled,isotonic,brier,0.1914523511045444,0.19111743517540766,0.00033491592913673096,8523.0,7.0
24h,Sports,pooled,binning10,brier,0.1934175716892497,0.19111743517540766,0.0023001365138420327,8523.0,7.0
24h,Sports,pooled,venn_abers,brier,0.19144746322453465,0.19111743517540766,0.00033002804912699024,8523.0,7.0
24h,Sports,pooled,raw,ece,0.0225061713882684,0.0225061713882684,0.0,8507.0,4.0
24h,Sports,pooled,platt,ece,0.019720045130552078,0.0225061713882684,-0.0027861262577163204,8507.0,4.0
24h,Sports,pooled,isotonic,ece,0.01852270626950697,0.0225061713882684,-0.00398346511876143,8507.0,4.0
24h,Sports,pooled,binning10,ece,0.025189667085482446,0.0225061713882684,0.002683495697214048,8507.0,4.0
24h,Sports,pooled,venn_abers,ece,0.018729799207191908,0.0225061713882684,-0.0037763721810764907,8507.0,4.0
24h,Sports,pooled,raw,log_loss,0.5608356259185792,0.5608356259185792,0.0,8523.0,7.0
24h,Sports,pooled,platt,log_loss,0.5604670338806441,0.5608356259185792,-0.0003685920379350449,8523.0,7.0
24h,Sports,pooled,isotonic,log_loss,0.5615974832747076,0.5608356259185792,0.000761857356128437,8523.0,7.0
24h,Sports,pooled,binning10,log_loss,0.5672316626548161,0.5608356259185792,0.006396036736236899,8523.0,7.0
24h,Sports,pooled,venn_abers,log_loss,0.561639483852269,0.5608356259185792,0.0008038579336898666,8523.0,7.0
24h,Weather,pooled,raw,brier,0.16451986183971326,0.16451986183971326,0.0,19253.0,14.0
24h,Weather,pooled,platt,brier,0.1646018229267883,0.16451986183971326,8.196108707503313e-05,19253.0,14.0
24h,Weather,pooled,isotonic,brier,0.16502236684217644,0.16451986183971326,0.0005025050024631827,19253.0,14.0
24h,Weather,pooled,binning10,brier,0.16648284390006104,0.16451986183971326,0.0019629820603477843,19253.0,14.0
24h,Weather,pooled,venn_abers,brier,0.16502233813772027,0.16451986183971326,0.0005024762980070097,19253.0,14.0
24h,Weather,pooled,raw,ece,0.031140601464706767,0.031140601464706767,0.0,19253.0,14.0
24h,Weather,pooled,platt,ece,0.030905407369483412,0.031140601464706767,-0.00023519409522335458,19253.0,14.0
24h,Weather,pooled,isotonic,ece,0.02636135375416983,0.031140601464706767,-0.004779247710536935,19253.0,14.0
24h,Weather,pooled,binning10,ece,0.028399483469221186,0.031140601464706767,-0.0027411179954855806,19253.0,14.0
24h,Weather,pooled,venn_abers,ece,0.027413265506912674,0.031140601464706767,-0.0037273359577940923,19253.0,14.0
24h,Weather,pooled,raw,log_loss,0.4988964132036371,0.4988964132036371,0.0,19253.0,14.0
24h,Weather,pooled,platt,log_loss,0.4989401565119879,0.4988964132036371,4.3743308350829846e-05,19253.0,14.0
24h,Weather,pooled,isotonic,log_loss,0.5008057931630066,0.4988964132036371,0.0019093799593694616,19253.0,14.0
24h,Weather,pooled,binning10,log_loss,0.503432886139897,0.4988964132036371,0.0045364729362599165,19253.0,14.0
24h,Weather,pooled,venn_abers,log_loss,0.5001833342875673,0.4988964132036371,0.001286921083930248,19253.0,14.0
6h,ALL,per_domain,raw,brier,0.17568195519174606,0.17568195519174606,0.0,46911.0,13.0
6h,ALL,per_domain,platt,brier,0.1764648921984728,0.17568195519174606,0.0007829370067267416,46911.0,13.0
6h,ALL,per_domain,isotonic,brier,0.17739866830057274,0.17568195519174606,0.0017167131088266785,46911.0,13.0
6h,ALL,per_domain,binning10,brier,0.17850712285800266,0.17568195519174606,0.002825167666256595,46911.0,13.0
6h,ALL,per_domain,venn_abers,brier,0.1770708523489255,0.17568195519174606,0.0013888971571794362,46911.0,13.0
6h,ALL,per_domain,raw,ece,0.021332736458399892,0.021332736458399892,0.0,46911.0,13.0
6h,ALL,per_domain,platt,ece,0.028327213459162916,0.021332736458399892,0.006994477000763024,46911.0,13.0
6h,ALL,per_domain,isotonic,ece,0.029834056085056126,0.021332736458399892,0.008501319626656234,46911.0,13.0
6h,ALL,per_domain,binning10,ece,0.032913444459983704,0.021332736458399892,0.011580708001583812,46911.0,13.0
6h,ALL,per_domain,venn_abers,ece,0.028155645923165638,0.021332736458399892,0.006822909464765745,46911.0,13.0
6h,ALL,per_domain,raw,log_loss,0.5263077279539051,0.5263077279539051,0.0,46911.0,13.0
6h,ALL,per_domain,platt,log_loss,0.5292038218796205,0.5263077279539051,0.002896093925715326,46911.0,13.0
6h,ALL,per_domain,isotonic,log_loss,0.5420073313493027,0.5263077279539051,0.015699603395397554,46911.0,13.0
6h,ALL,per_domain,binning10,log_loss,0.5437119729988875,0.5263077279539051,0.01740424504498239,46911.0,13.0
6h,ALL,per_domain,venn_abers,log_loss,0.5306223867528368,0.5263077279539051,0.00431465879893167,46911.0,13.0
6h,Crypto,per_domain,raw,brier,0.16458891980162088,0.16458891980162088,0.0,8267.0,5.0
6h,Crypto,per_domain,platt,brier,0.16646348375163456,0.16458891980162088,0.0018745639500136746,8267.0,5.0
6h,Crypto,per_domain,isotonic,brier,0.16772906342985108,0.16458891980162088,0.003140143628230202,8267.0,5.0
6h,Crypto,per_domain,binning10,brier,0.16838554843342568,0.16458891980162088,0.0037966286318047993,8267.0,5.0
6h,Crypto,per_domain,venn_abers,brier,0.16763532929408298,0.16458891980162088,0.003046409492462099,8267.0,5.0
6h,Crypto,per_domain,raw,ece,0.03645820733034953,0.03645820733034953,0.0,8267.0,5.0
6h,Crypto,per_domain,platt,ece,0.0527270833750951,0.03645820733034953,0.01626887604474557,8267.0,5.0
6h,Crypto,per_domain,isotonic,ece,0.053371751095043454,0.03645820733034953,0.016913543764693922,8267.0,5.0
6h,Crypto,per_domain,binning10,ece,0.05864956733043921,0.03645820733034953,0.02219136000008968,8267.0,5.0
6h,Crypto,per_domain,venn_abers,ece,0.053544003755664565,0.03645820733034953,0.017085796425315034,8267.0,5.0
6h,Crypto,per_domain,raw,log_loss,0.5047622515955016,0.5047622515955016,0.0,8267.0,5.0
6h,Crypto,per_domain,platt,log_loss,0.5106670221954819,0.5047622515955016,0.005904770599980291,8267.0,5.0
6h,Crypto,per_domain,isotonic,log_loss,0.5216470525041971,0.5047622515955016,0.016884800908695485,8267.0,5.0
6h,Crypto,per_domain,binning10,log_loss,0.5165572195235211,0.5047622515955016,0.011794967928019484,8267.0,5.0
6h,Crypto,per_domain,venn_abers,log_loss,0.5137513472326386,0.5047622515955016,0.008989095637137012,8267.0,5.0
6h,Entertainment,per_domain,raw,brier,0.1270586557059961,0.1270586557059961,0.0,2068.0,6.0
6h,Entertainment,per_domain,platt,brier,0.1260610279910819,0.1270586557059961,-0.0009976277149141843,2068.0,6.0
6h,Entertainment,per_domain,isotonic,brier,0.12830147315904755,0.1270586557059961,0.0012428174530514646,2068.0,6.0
6h,Entertainment,per_domain,binning10,brier,0.13265263662285093,0.1270586557059961,0.0055939809168548404,2068.0,6.0
6h,Entertainment,per_domain,venn_abers,brier,0.12752792675905048,0.1270586557059961,0.00046927105305438754,2068.0,6.0
6h,Entertainment,per_domain,raw,ece,0.05473404255319144,0.05473404255319144,0.0,2068.0,6.0
6h,Entertainment,per_domain,platt,ece,0.049775689016661996,0.05473404255319144,-0.0049583535365294445,2068.0,6.0
6h,Entertainment,per_domain,isotonic,ece,0.05551446175229593,0.05473404255319144,0.0007804191991044873,2068.0,6.0
6h,Entertainment,per_domain,binning10,ece,0.059952413164683485,0.05473404255319144,0.0052183706114920445,2068.0,6.0
6h,Entertainment,per_domain,venn_abers,ece,0.049688357043322626,0.05473404255319144,-0.005045685509868815,2068.0,6.0
6h,Entertainment,per_domain,raw,log_loss,0.40688057249669257,0.40688057249669257,0.0,2068.0,6.0
6h,Entertainment,per_domain,platt,log_loss,0.4124322918105993,0.40688057249669257,0.0055517193139067444,2068.0,6.0
6h,Entertainment,per_domain,isotonic,log_loss,0.44706581366135273,0.40688057249669257,0.04018524116466016,2068.0,6.0
6h,Entertainment,per_domain,binning10,log_loss,0.5954532455305372,0.40688057249669257,0.18857267303384467,2068.0,6.0
6h,Entertainment,per_domain,venn_abers,log_loss,0.4144023586458935,0.40688057249669257,0.007521786149200904,2068.0,6.0
6h,Finance,per_domain,raw,brier,0.16437216567441265,0.16437216567441265,0.0,15621.0,13.0
6h,Finance,per_domain,platt,brier,0.16436677780235356,0.16437216567441265,-5.387872059087195e-06,15621.0,13.0
6h,Finance,per_domain,isotonic,brier,0.16508044849482068,0.16437216567441265,0.0007082828204080238,15621.0,13.0
6h,Finance,per_domain,binning10,brier,0.16660621579636556,0.16437216567441265,0.0022340501219529074,15621.0,13.0
6h,Finance,per_domain,venn_abers,brier,0.16501854632695356,0.16437216567441265,0.0006463806525409121,15621.0,13.0
6h,Finance,per_domain,raw,ece,0.03833557390692013,0.03833557390692013,0.0,15621.0,13.0
6h,Finance,per_domain,platt,ece,0.03766695517083899,0.03833557390692013,-0.0006686187360811363,15621.0,13.0
6h,Finance,per_domain,isotonic,ece,0.03755778005535824,0.03833557390692013,-0.0007777938515618893,15621.0,13.0
6h,Finance,per_domain,binning10,ece,0.04081606609184014,0.03833557390692013,0.0024804921849200107,15621.0,13.0
6h,Finance,per_domain,venn_abers,ece,0.0385296680169118,0.03833557390692013,0.0001940941099916743,15621.0,13.0
6h,Finance,per_domain,raw,log_loss,0.5030375744500792,0.5030375744500792,0.0,15621.0,13.0
6h,Finance,per_domain,platt,log_loss,0.5027325595713155,0.5030375744500792,-0.0003050148787637763,15621.0,13.0
6h,Finance,per_domain,isotonic,log_loss,0.5079891251133115,0.5030375744500792,0.004951550663232274,15621.0,13.0
6h,Finance,per_domain,binning10,log_loss,0.5086991296213484,0.5030375744500792,0.005661555171269206,15621.0,13.0
6h,Finance,per_domain,venn_abers,log_loss,0.5049029380791294,0.5030375744500792,0.0018653636290502096,15621.0,13.0
6h,Politics,per_domain,raw,brier,0.1628265168539325,0.1628265168539325,0.0,890.0,2.0
6h,Politics,per_domain,platt,brier,0.1602017863186888,0.1628265168539325,-0.0026247305352437023,890.0,2.0
6h,Politics,per_domain,isotonic,brier,0.1627897457254937,0.1628265168539325,-3.6771128438806144e-05,890.0,2.0
6h,Politics,per_domain,binning10,brier,0.1638449662263149,0.1628265168539325,0.0010184493723823795,890.0,2.0
6h,Politics,per_domain,venn_abers,brier,0.16316152042485257,0.1628265168539325,0.0003350035709200616,890.0,2.0
6h,Politics,per_domain,raw,ece,0.07521348314606739,0.07521348314606739,0.0,890.0,2.0
6h,Politics,per_domain,platt,ece,0.0637526052448908,0.07521348314606739,-0.011460877901176586,890.0,2.0
6h,Politics,per_domain,isotonic,ece,0.07363118184409174,0.07521348314606739,-0.0015823013019756471,890.0,2.0
6h,Politics,per_domain,binning10,ece,0.0771681923267804,0.07521348314606739,0.001954709180713013,890.0,2.0
6h,Politics,per_domain,venn_abers,ece,0.07739148635889433,0.07521348314606739,0.0021780032128269344,890.0,2.0
6h,Politics,per_domain,raw,log_loss,0.4925409283467672,0.4925409283467672,0.0,890.0,2.0
6h,Politics,per_domain,platt,log_loss,0.485560936751002,0.4925409283467672,-0.006979991595765234,890.0,2.0
6h,Politics,per_domain,isotonic,log_loss,0.5407154224585756,0.4925409283467672,0.04817449411180841,890.0,2.0
6h,Politics,per_domain,binning10,log_loss,0.5045482327205234,0.4925409283467672,0.012007304373756189,890.0,2.0
6h,Politics,per_domain,venn_abers,log_loss,0.4944616688194027,0.4925409283467672,0.0019207404726354627,890.0,2.0
6h,Sports,per_domain,raw,brier,0.21203509443593666,0.21203509443593666,0.0,15672.0,2.0
6h,Sports,per_domain,platt,brier,0.21378436116492136,0.21203509443593666,0.0017492667289847053,15672.0,2.0
6h,Sports,per_domain,isotonic,brier,0.21415980119297473,0.21203509443593666,0.002124706757038075,15672.0,2.0
6h,Sports,per_domain,binning10,brier,0.21487226649009641,0.21203509443593666,0.002837172054159759,15672.0,2.0
6h,Sports,per_domain,venn_abers,brier,0.2134186743237384,0.21203509443593666,0.0013835798878017447,15672.0,2.0
6h,Sports,per_domain,raw,ece,0.01918708524757528,0.01918708524757528,0.0,15672.0,2.0
6h,Sports,per_domain,platt,ece,0.036268120975612536,0.01918708524757528,0.017081035728037257,15672.0,2.0
6h,Sports,per_domain,isotonic,ece,0.032496646750920996,0.01918708524757528,0.013309561503345717,15672.0,2.0
6h,Sports,per_domain,binning10,ece,0.035915042447465885,0.01918708524757528,0.016727957199890606,15672.0,2.0
6h,Sports,per_domain,venn_abers,ece,0.027523374096793642,0.01918708524757528,0.008336288849218363,15672.0,2.0
6h,Sports,per_domain,raw,log_loss,0.6093710666549693,0.6093710666549693,0.0,15672.0,2.0
6h,Sports,per_domain,platt,log_loss,0.6152006045651112,0.6093710666549693,0.0058295379101418465,15672.0,2.0
6h,Sports,per_domain,isotonic,log_loss,0.6322544215018224,0.6093710666549693,0.02288335484685311,15672.0,2.0
6h,Sports,per_domain,binning10,log_loss,0.6220445890131514,0.6093710666549693,0.012673522358182088,15672.0,2.0
6h,Sports,per_domain,venn_abers,log_loss,0.6137080226353983,0.6093710666549693,0.004336955980428936,15672.0,2.0
6h,Weather,per_domain,raw,brier,0.13257798770771678,0.13257798770771678,0.0,4393.0,13.0
6h,Weather,per_domain,platt,brier,0.13219103068777452,0.13257798770771678,-0.0003869570199422634,4393.0,13.0
6h,Weather,per_domain,isotonic,brier,0.1343246871957881,0.13257798770771678,0.0017466994880713238,4393.0,13.0
6h,Weather,per_domain,binning10,brier,0.13469674063904793,0.13257798770771678,0.0021187529313311526,4393.0,13.0
6h,Weather,per_domain,venn_abers,brier,0.13415338160151485,0.13257798770771678,0.0015753938937980716,4393.0,13.0
6h,Weather,per_domain,raw,ece,0.059965854768950555,0.059965854768950555,0.0,4393.0,13.0
6h,Weather,per_domain,platt,ece,0.05598719642061967,0.059965854768950555,-0.003978658348330888,4393.0,13.0
6h,Weather,per_domain,isotonic,ece,0.05342001663865325,0.059965854768950555,-0.006545838130297306,4393.0,13.0
6h,Weather,per_domain,binning10,ece,0.05201196587224444,0.059965854768950555,-0.007953888896706118,4393.0,13.0
6h,Weather,per_domain,venn_abers,ece,0.056471325643945434,0.059965854768950555,-0.0034945291250051205,4393.0,13.0
6h,Weather,per_domain,raw,log_loss,0.4163324686666234,0.4163324686666234,0.0,4393.0,13.0
6h,Weather,per_domain,platt,log_loss,0.41523510464925467,0.4163324686666234,-0.0010973640173687071,4393.0,13.0
6h,Weather,per_domain,isotonic,log_loss,0.42428670431676135,0.4163324686666234,0.007954235650137975,4393.0,13.0
6h,Weather,per_domain,binning10,log_loss,0.4234410857824396,0.4163324686666234,0.007108617115816229,4393.0,13.0
6h,Weather,per_domain,venn_abers,log_loss,0.41945561301731943,0.4163324686666234,0.00312314435069605,4393.0,13.0
6h,ALL,pooled,raw,brier,0.1749521753515302,0.1749521753515302,0.0,48360.0,13.0
6h,ALL,pooled,platt,brier,0.17498564820018891,0.1749521753515302,3.347284865870548e-05,48360.0,13.0
6h,ALL,pooled,isotonic,brier,0.17543520487852096,0.1749521753515302,0.0004830295269907525,48360.0,13.0
6h,ALL,pooled,binning10,brier,0.1761676916083294,0.1749521753515302,0.0012155162567991928,48360.0,13.0
6h,ALL,pooled,venn_abers,brier,0.17539937291525215,0.1749521753515302,0.00044719756372194053,48360.0,13.0
6h,ALL,pooled,raw,ece,0.020925971877584725,0.020925971877584725,0.0,48360.0,13.0
6h,ALL,pooled,platt,ece,0.02042957641926051,0.020925971877584725,-0.0004963954583242156,48360.0,13.0
6h,ALL,pooled,isotonic,ece,0.021739945739708604,0.020925971877584725,0.0008139738621238783,48360.0,13.0
6h,ALL,pooled,binning10,ece,0.02089591813961714,0.020925971877584725,-3.005373796758498e-05,48360.0,13.0
6h,ALL,pooled,venn_abers,ece,0.022653084943948756,0.020925971877584725,0.0017271130663640312,48360.0,13.0
6h,ALL,pooled,raw,log_loss,0.5244329610151738,0.5244329610151738,0.0,48360.0,13.0
6h,ALL,pooled,platt,log_loss,0.5246656055751683,0.5244329610151738,0.0002326445599944993,48360.0,13.0
6h,ALL,pooled,isotonic,log_loss,0.5260544919020913,0.5244329610151738,0.0016215308869175216,48360.0,13.0
6h,ALL,pooled,binning10,log_loss,0.5280609239618006,0.5244329610151738,0.003627962946626817,48360.0,13.0
6h,ALL,pooled,venn_abers,log_loss,0.5258483931431305,0.5244329610151738,0.001415432127956695,48360.0,13.0
6h,Crypto,pooled,raw,brier,0.1659665081521739,0.1659665081521739,0.0,8832.0,7.0
6h,Crypto,pooled,platt,brier,0.16646207189048498,0.1659665081521739,0.0004955637383110834,8832.0,7.0
6h,Crypto,pooled,isotonic,brier,0.16692820009397927,0.1659665081521739,0.0009616919418053704,8832.0,7.0
6h,Crypto,pooled,binning10,brier,0.167547413545842,0.1659665081521739,0.0015809053936680917,8832.0,7.0
6h,Crypto,pooled,venn_abers,brier,0.16688049282210948,0.1659665081521739,0.0009139846699355858,8832.0,7.0
6h,Crypto,pooled,raw,ece,0.03855525362318835,0.03855525362318835,0.0,8832.0,7.0
6h,Crypto,pooled,platt,ece,0.04255932000638484,0.03855525362318835,0.004004066383196489,8832.0,7.0
6h,Crypto,pooled,isotonic,ece,0.042127152623718175,0.03855525362318835,0.0035718990005298226,8832.0,7.0
6h,Crypto,pooled,binning10,ece,0.04260084371113642,0.03855525362318835,0.004045590087948067,8832.0,7.0
6h,Crypto,pooled,venn_abers,ece,0.041922560284798724,0.03855525362318835,0.003367306661610371,8832.0,7.0
6h,Crypto,pooled,raw,log_loss,0.5080408006327864,0.5080408006327864,0.0,8832.0,7.0
6h,Crypto,pooled,platt,log_loss,0.5090590559092023,0.5080408006327864,0.0010182552764158581,8832.0,7.0
6h,Crypto,pooled,isotonic,log_loss,0.5101879926935968,0.5080408006327864,0.0021471920608103767,8832.0,7.0
6h,Crypto,pooled,binning10,log_loss,0.5118523451680649,0.5080408006327864,0.0038115445352784327,8832.0,7.0
6h,Crypto,pooled,venn_abers,log_loss,0.5099645785829005,0.5080408006327864,0.0019237779501140029,8832.0,7.0
6h,Entertainment,pooled,raw,brier,0.12343716247139584,0.12343716247139584,0.0,2185.0,11.0
6h,Entertainment,pooled,platt,brier,0.12346905595898562,0.12343716247139584,3.189348758977917e-05,2185.0,11.0
6h,Entertainment,pooled,isotonic,brier,0.12364763004326536,0.12343716247139584,0.00021046757186951592,2185.0,11.0
6h,Entertainment,pooled,binning10,brier,0.1242221226644847,0.12343716247139584,0.0007849601930888517,2185.0,11.0
6h,Entertainment,pooled,venn_abers,brier,0.12370493032315572,0.12343716247139584,0.00026776785175987305,2185.0,11.0
6h,Entertainment,pooled,raw,ece,0.05756819232547383,0.05756819232547383,0.0,2163.0,8.0
6h,Entertainment,pooled,platt,ece,0.058541896571205426,0.05756819232547383,0.0009737042457315936,2163.0,8.0
6h,Entertainment,pooled,isotonic,ece,0.0555406690881271,0.05756819232547383,-0.002027523237346736,2163.0,8.0
6h,Entertainment,pooled,binning10,ece,0.05511777243733508,0.05756819232547383,-0.0024504198881387523,2163.0,8.0
6h,Entertainment,pooled,venn_abers,ece,0.05630924301646891,0.05756819232547383,-0.0012589493090049211,2163.0,8.0
6h,Entertainment,pooled,raw,log_loss,0.3973481398097065,0.3973481398097065,0.0,2185.0,11.0
6h,Entertainment,pooled,platt,log_loss,0.39829718507582795,0.3973481398097065,0.0009490452661214399,2185.0,11.0
6h,Entertainment,pooled,isotonic,log_loss,0.39858108252914093,0.3973481398097065,0.0012329427194344156,2185.0,11.0
6h,Entertainment,pooled,binning10,log_loss,0.40165511025972195,0.3973481398097065,0.004306970450015435,2185.0,11.0
6h,Entertainment,pooled,venn_abers,log_loss,0.3988976200698488,0.3973481398097065,0.0015494802601422886,2185.0,11.0
6h,Finance,pooled,raw,brier,0.16437216567441265,0.16437216567441265,0.0,15621.0,13.0
6h,Finance,pooled,platt,brier,0.1642856212734939,0.16437216567441265,-8.654440091876436e-05,15621.0,13.0
6h,Finance,pooled,isotonic,brier,0.16476914871121767,0.16437216567441265,0.0003969830368050209,15621.0,13.0
6h,Finance,pooled,binning10,brier,0.16539592691039948,0.16437216567441265,0.0010237612359868253,15621.0,13.0
6h,Finance,pooled,venn_abers,brier,0.1646414500753668,0.16437216567441265,0.0002692844009541395,15621.0,13.0
6h,Finance,pooled,raw,ece,0.03833557390692013,0.03833557390692013,0.0,15621.0,13.0
6h,Finance,pooled,platt,ece,0.037175667638807745,0.03833557390692013,-0.0011599062681123817,15621.0,13.0
6h,Finance,pooled,isotonic,ece,0.035732133562211194,0.03833557390692013,-0.0026034403447089335,15621.0,13.0
6h,Finance,pooled,binning10,ece,0.035192883676048524,0.03833557390692013,-0.003142690230871603,15621.0,13.0
6h,Finance,pooled,venn_abers,ece,0.03610226490521956,0.03833557390692013,-0.002233309001700566,15621.0,13.0
6h,Finance,pooled,raw,log_loss,0.5030375744500792,0.5030375744500792,0.0,15621.0,13.0
6h,Finance,pooled,platt,log_loss,0.5027313615439732,0.5030375744500792,-0.00030621290610599594,15621.0,13.0
6h,Finance,pooled,isotonic,log_loss,0.5046049755464321,0.5030375744500792,0.001567401096352894,15621.0,13.0
6h,Finance,pooled,binning10,log_loss,0.5059417331366415,0.5030375744500792,0.0029041586865622415,15621.0,13.0
6h,Finance,pooled,venn_abers,log_loss,0.5038404335513357,0.5030375744500792,0.0008028591012564368,15621.0,13.0
6h,Politics,pooled,raw,brier,0.1599361518550474,0.1599361518550474,0.0,1159.0,12.0
6h,Politics,pooled,platt,brier,0.15962563181117453,0.1599361518550474,-0.00031052004387285836,1159.0,12.0
6h,Politics,pooled,isotonic,brier,0.15987393054570348,0.1599361518550474,-6.222130934391279e-05,1159.0,12.0
6h,Politics,pooled,binning10,brier,0.16227657124282055,0.1599361518550474,0.002340419387773157,1159.0,12.0
6h,Politics,pooled,venn_abers,brier,0.15989742970121432,0.1599361518550474,-3.87221538330762e-05,1159.0,12.0
6h,Politics,pooled,raw,ece,0.07423835125448025,0.07423835125448025,0.0,1116.0,4.0
6h,Politics,pooled,platt,ece,0.07304262232704635,0.07423835125448025,-0.0011957289274339006,1116.0,4.0
6h,Politics,pooled,isotonic,ece,0.07022951365056727,0.07423835125448025,-0.004008837603912976,1116.0,4.0
6h,Politics,pooled,binning10,ece,0.06440120509341836,0.07423835125448025,-0.009837146161061891,1116.0,4.0
6h,Politics,pooled,venn_abers,ece,0.07239707549594217,0.07423835125448025,-0.001841275758538083,1116.0,4.0
6h,Politics,pooled,raw,log_loss,0.4843418602325352,0.4843418602325352,0.0,1159.0,12.0
6h,Politics,pooled,platt,log_loss,0.4845981841243312,0.4843418602325352,0.00025632389179597315,1159.0,12.0
6h,Politics,pooled,isotonic,log_loss,0.48499934662084887,0.4843418602325352,0.0006574863883136439,1159.0,12.0
6h,Politics,pooled,binning10,log_loss,0.49213634080140095,0.4843418602325352,0.007794480568865725,1159.0,12.0
6h,Politics,pooled,venn_abers,log_loss,0.48525256352874574,0.4843418602325352,0.0009107032962105133,1159.0,12.0
6h,Sports,pooled,raw,brier,0.20963030921459486,0.20963030921459486,0.0,16170.0,7.0
6h,Sports,pooled,platt,brier,0.20946154943240253,0.20963030921459486,-0.00016875978219232923,16170.0,7.0
6h,Sports,pooled,isotonic,brier,0.20987990690992256,0.20963030921459486,0.0002495976953277024,16170.0,7.0
6h,Sports,pooled,binning10,brier,0.21055187446964013,0.20963030921459486,0.0009215652550452758,16170.0,7.0
6h,Sports,pooled,venn_abers,brier,0.20987097504447716,0.20963030921459486,0.00024066582988230278,16170.0,7.0
6h,Sports,pooled,raw,ece,0.020903125967192803,0.020903125967192803,0.0,16155.0,4.0
6h,Sports,pooled,platt,ece,0.017115050835335845,0.020903125967192803,-0.0037880751318569578,16155.0,4.0
6h,Sports,pooled,isotonic,ece,0.018179894354402638,0.020903125967192803,-0.0027232316127901654,16155.0,4.0
6h,Sports,pooled,binning10,ece,0.018801751491760593,0.020903125967192803,-0.0021013744754322106,16155.0,4.0
6h,Sports,pooled,venn_abers,ece,0.018647022080211538,0.020903125967192803,-0.002256103886981265,16155.0,4.0
6h,Sports,pooled,raw,log_loss,0.6034697128431761,0.6034697128431761,0.0,16170.0,7.0
6h,Sports,pooled,platt,log_loss,0.6031641761199671,0.6034697128431761,-0.00030553672320898784,16170.0,7.0
6h,Sports,pooled,isotonic,log_loss,0.6042520133735725,0.6034697128431761,0.000782300530396407,16170.0,7.0
6h,Sports,pooled,binning10,log_loss,0.6060275586515166,0.6034697128431761,0.0025578458083405087,16170.0,7.0
6h,Sports,pooled,venn_abers,log_loss,0.6042557213970029,0.6034697128431761,0.0007860085538268224,16170.0,7.0
6h,Weather,pooled,raw,brier,0.13257798770771678,0.13257798770771678,0.0,4393.0,13.0
6h,Weather,pooled,platt,brier,0.1329451375482908,0.13257798770771678,0.00036714984057401034,4393.0,13.0
6h,Weather,pooled,isotonic,brier,0.13354330088706234,0.13257798770771678,0.0009653131793455616,4393.0,13.0
6h,Weather,pooled,binning10,brier,0.13474011864515706,0.13257798770771678,0.0021621309374402764,4393.0,13.0
6h,Weather,pooled,venn_abers,brier,0.13369702019130866,0.13257798770771678,0.0011190324835918808,4393.0,13.0
6h,Weather,pooled,raw,ece,0.059965854768950555,0.059965854768950555,0.0,4393.0,13.0
6h,Weather,pooled,platt,ece,0.0630831909088853,0.059965854768950555,0.0031173361399347427,4393.0,13.0
6h,Weather,pooled,isotonic,ece,0.06436455413370361,0.059965854768950555,0.004398699364753053,4393.0,13.0
6h,Weather,pooled,binning10,ece,0.05460063102487617,0.059965854768950555,-0.005365223744074388,4393.0,13.0
6h,Weather,pooled,venn_abers,ece,0.06623499523980439,0.059965854768950555,0.0062691404708538345,4393.0,13.0
6h,Weather,pooled,raw,log_loss,0.4163324686666234,0.4163324686666234,0.0,4393.0,13.0
6h,Weather,pooled,platt,log_loss,0.41852017584703116,0.4163324686666234,0.002187707180407783,4393.0,13.0
6h,Weather,pooled,isotonic,log_loss,0.42062635774961743,0.4163324686666234,0.004293889082994051,4393.0,13.0
6h,Weather,pooled,binning10,log_loss,0.42466708368757433,0.4163324686666234,0.008334615020950953,4393.0,13.0
6h,Weather,pooled,venn_abers,log_loss,0.4212874313408205,0.4163324686666234,0.004954962674197094,4393.0,13.0
