family,comparison,metric,tau,domain,fit_scope,alpha,point_estimate,ci_lo,ci_hi,boot_median,significant,n_markets,n_quarters
H1,binning10 - raw,dbrier,1w,ALL,per_domain,NA,0.002919671160268263,0.0007093195368503448,0.004995775935274459,0.0029403344071186085,True,3844,4
H1,isotonic - raw,dbrier,1w,ALL,per_domain,NA,0.002017949086587413,9.319895376556103e-05,0.004203388840690526,0.001986588661752486,True,3844,4
H1,platt - raw,dbrier,1w,ALL,per_domain,NA,0.00010060478318162024,-0.0013796505293930442,0.0016700711316460855,8.850845199785428e-05,False,3844,4
H1,venn_abers - raw,dbrier,1w,ALL,per_domain,NA,0.0014543336789690497,-0.00035720293462720195,0.003326266602141142,0.0014914960896308858,False,3844,4
H1,binning10 - raw,dbrier,1w,Entertainment,per_domain,NA,0.003537526388482658,-0.0007933385639057126,0.007833272751215335,0.0036498419983111807,False,1134,4
H1,isotonic - raw,dbrier,1w,Entertainment,per_domain,NA,0.002383584738183832,-0.002098063930488602,0.006980706929439178,0.002424437398902762,False,1134,4
H1,platt - raw,dbrier,1w,Entertainment,per_domain,NA,-6.01986752936481e-05,-0.003950322520546545,0.0035989315982529347,-4.9721408473470584e-05,False,1134,4
H1,venn_abers - raw,dbrier,1w,Entertainment,per_domain,NA,0.0013356069854663485,-0.0028227142051324003,0.005906810961266423,0.0013510576720645665,False,1134,4
H1,binning10 - raw,dbrier,1w,Finance,per_domain,NA,0.00029670157624358975,-0.003164522752800487,0.0038227531454135427,0.00023413343988013,False,660,4
H1,isotonic - raw,dbrier,1w,Finance,per_domain,NA,-0.0002306880696603367,-0.003532382611467034,0.0030738870961538422,-0.00021440683436860475,False,660,4
H1,platt - raw,dbrier,1w,Finance,per_domain,NA,0.0005969676128938405,-0.0016069762730859065,0.002922628520019356,0.000576851100943739,False,660,4
H1,venn_abers - raw,dbrier,1w,Finance,per_domain,NA,-0.00010016496692710999,-0.003334034449954837,0.0029277244374436226,-0.0001666740251179392,False,660,4
H1,binning10 - raw,dbrier,1w,Politics,per_domain,NA,0.00014850542158626167,-0.009393693813236473,0.009367072573178689,7.033059470426967e-05,False,414,2
H1,isotonic - raw,dbrier,1w,Politics,per_domain,NA,-0.000816958021856992,-0.008194688893243577,0.0070555170064733,-0.0006117259349382631,False,414,2
H1,platt - raw,dbrier,1w,Politics,per_domain,NA,0.000945715152282488,-0.0030981966497791616,0.004606810058169289,0.0009533512233743597,False,414,2
H1,venn_abers - raw,dbrier,1w,Politics,per_domain,NA,-0.0007358676284666057,-0.00822791851805281,0.0072301572889543865,-0.0004447696945968119,False,414,2
H1,binning10 - raw,dbrier,1w,Sports,per_domain,NA,0.004033622604899346,0.0013492549436904956,0.006822613262403572,0.0040024591295745975,True,1501,2
H1,isotonic - raw,dbrier,1w,Sports,per_domain,NA,0.003396666105633534,0.0006034363244739882,0.006222788558234538,0.0032931316449909018,True,1501,2
H1,platt - raw,dbrier,1w,Sports,per_domain,NA,-0.00027880961961595336,-0.0021792313297799007,0.0017936614791916848,-0.00019787928983531122,False,1501,2
H1,venn_abers - raw,dbrier,1w,Sports,per_domain,NA,0.002691049336664276,0.0007793698796225971,0.004865608487673011,0.0027426778236771827,True,1501,2
H1,binning10 - raw,dbrier,1w,Weather,per_domain,NA,0.006665845931262732,-0.011307242232737512,0.025937051505156402,0.006810499007884397,False,135,4
H1,isotonic - raw,dbrier,1w,Weather,per_domain,NA,0.003304371246001723,-0.010320806222610265,0.017480913372435573,0.0032117026094714645,False,135,4
H1,platt - raw,dbrier,1w,Weather,per_domain,NA,0.0006515453764578327,-0.008186823228241855,0.008791684184422464,0.0004710759188992636,False,135,4
H1,venn_abers - raw,dbrier,1w,Weather,per_domain,NA,0.0030175804626827985,-0.009557609725310683,0.01530181197029068,0.0027333435340527942,False,135,4
H1,binning10 - raw,dlog_loss,1w,ALL,per_domain,NA,0.02121291857454963,0.009260117471300962,0.03509768116614809,0.020736981137725097,True,3844,4
H1,isotonic - raw,dlog_loss,1w,ALL,per_domain,NA,0.051908948832991256,0.028365761584880484,0.07748057158301692,0.051092462746231915,True,3844,4
H1,platt - raw,dlog_loss,1w,ALL,per_domain,NA,0.001295831681250445,-0.003379643205831715,0.006331508372485585,0.0012169646599772639,False,3844,4
H1,venn_abers - raw,dlog_loss,1w,ALL,per_domain,NA,0.004559205329653111,-0.0004615866158721347,0.009541249562142756,0.0047426019861131425,False,3844,4
H1,binning10 - raw,dlog_loss,1w,Entertainment,per_domain,NA,0.030678731926791828,0.003839499853156547,0.06664525795455536,0.0296624433283876,True,1134,4
H1,isotonic - raw,dlog_loss,1w,Entertainment,per_domain,NA,0.05039129408522639,0.012117725267174535,0.09713849132889087,0.04846602747410894,True,1134,4
H1,platt - raw,dlog_loss,1w,Entertainment,per_domain,NA,0.0021684939417142123,-0.00855005706270531,0.015379384183777416,0.002139912308433266,False,1134,4
H1,venn_abers - raw,dlog_loss,1w,Entertainment,per_domain,NA,0.005101351730239985,-0.006132567380660084,0.01644655240607907,0.005258758880640894,False,1134,4
H1,binning10 - raw,dlog_loss,1w,Finance,per_domain,NA,-0.0015490429129333223,-0.012128465302839217,0.010373271201356712,-0.0015240435080084353,False,660,4
H1,isotonic - raw,dlog_loss,1w,Finance,per_domain,NA,0.02882684551210586,-0.009668474011108916,0.08380375775086309,0.02687609986246635,False,660,4
H1,platt - raw,dlog_loss,1w,Finance,per_domain,NA,-0.0007608864842523157,-0.0067617514551701575,0.0051461110358128875,-0.0006923809040004021,False,660,4
H1,venn_abers - raw,dlog_loss,1w,Finance,per_domain,NA,0.0010706576504609432,-0.00811439764323885,0.010440020704126984,0.0008897980510351238,False,660,4
H1,binning10 - raw,dlog_loss,1w,Politics,per_domain,NA,0.008211962687028743,-0.01334204778354132,0.02907683338944222,0.009133033848933882,False,414,2
H1,isotonic - raw,dlog_loss,1w,Politics,per_domain,NA,0.05500994262085123,-0.006252168062332954,0.14013993900636,0.051865191304052496,False,414,2
H1,platt - raw,dlog_loss,1w,Politics,per_domain,NA,0.008688487370188838,-0.0041048875742219285,0.021459155002592604,0.008905107617085318,False,414,2
H1,venn_abers - raw,dlog_loss,1w,Politics,per_domain,NA,0.005782231933279778,-0.011033063312502927,0.022278336228153863,0.0059994444959960095,False,414,2
H1,binning10 - raw,dlog_loss,1w,Sports,per_domain,NA,0.02176369781946949,0.003630533951522277,0.04728147054069861,0.020063998218699294,True,1501,2
H1,isotonic - raw,dlog_loss,1w,Sports,per_domain,NA,0.060527761457996834,0.019515569180775454,0.10622202900565421,0.05992652999285071,True,1501,2
H1,platt - raw,dlog_loss,1w,Sports,per_domain,NA,-0.0010061784629544113,-0.008308735177883235,0.006589904466282064,-0.0009952152825944698,False,1501,2
H1,venn_abers - raw,dlog_loss,1w,Sports,per_domain,NA,0.004776440753660519,-0.0015272989455570821,0.01101271515973364,0.0047870976617437775,False,1501,2
H1,binning10 - raw,dlog_loss,1w,Weather,per_domain,NA,0.08672653584199436,-0.02878284617480635,0.25893808959306636,0.0781457947237949,False,135,4
H1,isotonic - raw,dlog_loss,1w,Weather,per_domain,NA,0.07216494511034147,-0.03164267158545738,0.2485016959882995,0.06735298095381337,False,135,4
H1,platt - raw,dlog_loss,1w,Weather,per_domain,NA,0.006944666919005302,-0.015273077535421169,0.030666364238131752,0.0077760821535640835,False,135,4
H1,venn_abers - raw,dlog_loss,1w,Weather,per_domain,NA,0.01089434654939206,-0.021749419929659987,0.03893201118294351,0.010954537175881204,False,135,4
H1,binning10 - raw,dbrier,1w,ALL,pooled,NA,0.0019476308142953277,0.0007531391623123512,0.0031394702012066717,0.0019550828478802082,True,4414,4
H1,isotonic - raw,dbrier,1w,ALL,pooled,NA,0.0019406812021651844,0.000930250304121842,0.003076314739284747,0.0019505733079605598,True,4414,4
H1,platt - raw,dbrier,1w,ALL,pooled,NA,0.00036985878654053597,-0.00021276369863220128,0.0010135454196943553,0.0003927163008069235,False,4414,4
H1,venn_abers - raw,dbrier,1w,ALL,pooled,NA,0.0018521280892147577,0.0007753350330237486,0.0028377985064294447,0.0017936358790042579,True,4414,4
H1,binning10 - raw,dbrier,1w,Crypto,pooled,NA,0.009152645238386757,0.0014291144385758516,0.01649624937090373,0.009157603477629558,True,89,4
H1,isotonic - raw,dbrier,1w,Crypto,pooled,NA,0.0028087501128551966,-0.004122890653376101,0.010174962547090372,0.002957812373066593,False,89,4
H1,platt - raw,dbrier,1w,Crypto,pooled,NA,0.008818129116668903,0.004451915585636501,0.013550765734814788,0.008882534101444491,True,89,4
H1,venn_abers - raw,dbrier,1w,Crypto,pooled,NA,0.003406711879824767,-0.003197917751472332,0.010153767784811685,0.003414580537786047,False,89,4
H1,binning10 - raw,dbrier,1w,Entertainment,pooled,NA,0.0018962352782069163,-0.00045146638187030754,0.004109129338699629,0.0017935045904655176,False,1134,4
H1,isotonic - raw,dbrier,1w,Entertainment,pooled,NA,0.0015177996588097078,-0.0006015683794211772,0.003602582662153593,0.0015223266033283379,False,1134,4
H1,platt - raw,dbrier,1w,Entertainment,pooled,NA,0.000574140196830557,-0.0004952786381269398,0.0017968107059652553,0.0005711777542020875,False,1134,4
H1,venn_abers - raw,dbrier,1w,Entertainment,pooled,NA,0.0015846426856941762,-0.00046531666880111514,0.0036380387133879413,0.0016601386927798574,False,1134,4
H1,binning10 - raw,dbrier,1w,Finance,pooled,NA,0.00017642783621938773,-0.002703390001817473,0.002937218267690624,0.00010180101850949488,False,660,4
H1,isotonic - raw,dbrier,1w,Finance,pooled,NA,0.0007017392611646922,-0.001989854158560386,0.0033819132815092823,0.0007348077600898939,False,660,4
H1,platt - raw,dbrier,1w,Finance,pooled,NA,-0.0014735998667496117,-0.002894434736079245,-7.82080857055708e-05,-0.0014329468998711152,True,660,4
H1,venn_abers - raw,dbrier,1w,Finance,pooled,NA,0.0007581367584356629,-0.001640960952104161,0.0034259801561908536,0.0008179617736983448,False,660,4
H1,binning10 - raw,dbrier,1w,Politics,pooled,NA,0.0035247018767690912,0.0004650608045052147,0.006883521130371228,0.003657557701209014,True,699,4
H1,isotonic - raw,dbrier,1w,Politics,pooled,NA,0.0027627401252082492,-0.0003059804325215328,0.005739134286749417,0.00271808438307142,False,699,4
H1,platt - raw,dbrier,1w,Politics,pooled,NA,0.002599425446210807,0.0010306920700551185,0.004059083116487967,0.002566200967086512,True,699,4
H1,venn_abers - raw,dbrier,1w,Politics,pooled,NA,0.0015494732067125607,-0.0012536553097534197,0.004225136483143357,0.001594402466514708,False,699,4
H1,binning10 - raw,dbrier,1w,Sports,pooled,NA,0.001459783701392545,-0.000373322629859798,0.003223806913017635,0.0014396426853355358,False,1697,4
H1,isotonic - raw,dbrier,1w,Sports,pooled,NA,0.002145582465585337,0.0005496429761158409,0.0037839065180471643,0.0021649741269595935,True,1697,4
H1,platt - raw,dbrier,1w,Sports,pooled,NA,-0.0006275452310708753,-0.0017525040092044876,0.0004920843906769538,-0.0005979447594404416,False,1697,4
H1,venn_abers - raw,dbrier,1w,Sports,pooled,NA,0.0023235046924226475,0.0004862138614383853,0.004124794651795597,0.0023286125180066643,True,1697,4
H1,binning10 - raw,dbrier,1w,Weather,pooled,NA,0.004255290796792386,-0.0017763218799105335,0.009770055439607147,0.004337203108586002,False,135,4
H1,isotonic - raw,dbrier,1w,Weather,pooled,NA,0.004145529994334984,-0.0019424118289306787,0.011097049376073729,0.004314802488612015,False,135,4
H1,platt - raw,dbrier,1w,Weather,pooled,NA,0.0030902962331941196,7.198796621246265e-05,0.006270793747926161,0.0030481319300131923,True,135,4
H1,venn_abers - raw,dbrier,1w,Weather,pooled,NA,0.004064235020825859,-0.0014060703823103242,0.009763768249539782,0.004090569368482707,False,135,4
H1,binning10 - raw,dlog_loss,1w,ALL,pooled,NA,0.005645571250930575,0.002034062251924447,0.008910094690569447,0.005560645067864647,True,4414,4
H1,isotonic - raw,dlog_loss,1w,ALL,pooled,NA,0.022226050177012464,0.008634333343276205,0.03690522200399499,0.021599748989249504,True,4414,4
H1,platt - raw,dlog_loss,1w,ALL,pooled,NA,0.0005960259346666388,-0.0011642938268773045,0.002348117800959623,0.0005609189480324632,False,4414,4
H1,venn_abers - raw,dlog_loss,1w,ALL,pooled,NA,0.005116144807021871,0.002082156015807458,0.008166741382310489,0.0050961459174610375,True,4414,4
H1,binning10 - raw,dlog_loss,1w,Crypto,pooled,NA,0.022835319148396045,0.0039842103380105165,0.044496678964022894,0.022678668418869802,True,89,4
H1,isotonic - raw,dlog_loss,1w,Crypto,pooled,NA,0.007914353977288622,-0.010905183227343403,0.03016852865695333,0.007762672351067243,False,89,4
H1,platt - raw,dlog_loss,1w,Crypto,pooled,NA,0.0182507004915176,0.00775318034414903,0.030204970629356166,0.018104024300141172,True,89,4
H1,venn_abers - raw,dlog_loss,1w,Crypto,pooled,NA,0.009716609925651527,-0.007913407041994324,0.030169803096979666,0.009828973715434746,False,89,4
H1,binning10 - raw,dlog_loss,1w,Entertainment,pooled,NA,0.007584368268227713,0.0008403520783290123,0.01463002617916655,0.007550322833249012,True,1134,4
H1,isotonic - raw,dlog_loss,1w,Entertainment,pooled,NA,0.02131564825485515,-0.00040828266187953587,0.05244316125208888,0.02097468406099394,False,1134,4
H1,platt - raw,dlog_loss,1w,Entertainment,pooled,NA,0.0013941800597603593,-0.002110601029834651,0.004832310676419012,0.0014062472575587619,False,1134,4
H1,venn_abers - raw,dlog_loss,1w,Entertainment,pooled,NA,0.005401451443768725,-0.0006782403791275745,0.011222389994756558,0.005214045114105762,False,1134,4
H1,binning10 - raw,dlog_loss,1w,Finance,pooled,NA,-0.0006954836978611865,-0.008618444209580517,0.008572817410778685,-0.0005009784828820417,False,660,4
H1,isotonic - raw,dlog_loss,1w,Finance,pooled,NA,-0.0003725145301493881,-0.008278684361112,0.007973338638279034,-0.000494215305104026,False,660,4
H1,platt - raw,dlog_loss,1w,Finance,pooled,NA,-0.005431880224380091,-0.009142188390404945,-0.0014696659605243003,-0.005581467034988007,True,660,4
H1,venn_abers - raw,dlog_loss,1w,Finance,pooled,NA,0.0013144518087684462,-0.006214777413594707,0.008245490990854698,0.0009677940651162805,False,660,4
H1,binning10 - raw,dlog_loss,1w,Politics,pooled,NA,0.015969513125840565,0.0050239257438539795,0.026589596683309805,0.01584022375385636,True,699,4
H1,isotonic - raw,dlog_loss,1w,Politics,pooled,NA,0.09758004884608897,0.032213429610697696,0.1787758427350368,0.09330441562757949,True,699,4
H1,platt - raw,dlog_loss,1w,Politics,pooled,NA,0.009750324775468005,0.0047303840275363255,0.015013724278523844,0.009788392260259387,True,699,4
H1,venn_abers - raw,dlog_loss,1w,Politics,pooled,NA,0.010654125064849492,0.00019482241495257435,0.02202867978648133,0.01052458472512861,True,699,4
H1,binning10 - raw,dlog_loss,1w,Sports,pooled,NA,0.0014592382296679434,-0.0030320789219082625,0.006245570273519952,0.0014875182267054228,False,1697,4
H1,isotonic - raw,dlog_loss,1w,Sports,pooled,NA,0.0020045445616925796,-0.0024881166603977563,0.0062862321114748945,0.0020604586013902694,False,1697,4
H1,platt - raw,dlog_loss,1w,Sports,pooled,NA,-0.002901928522412813,-0.005855902044865188,-0.00017874508506652634,-0.00295063580102442,True,1697,4
H1,venn_abers - raw,dlog_loss,1w,Sports,pooled,NA,0.0032145251808567386,-0.0008020395180037012,0.00735904073281639,0.003231214658472029,False,1697,4
H1,binning10 - raw,dlog_loss,1w,Weather,pooled,NA,0.008196568674884512,-0.008309973488787524,0.02394260638156033,0.007724280390895949,False,135,4
H1,isotonic - raw,dlog_loss,1w,Weather,pooled,NA,0.013815971715842132,-0.005342124088656887,0.033367783703059935,0.013926496459528585,False,135,4
H1,platt - raw,dlog_loss,1w,Weather,pooled,NA,0.008293945012433322,-0.0009803134155760595,0.01750880708992609,0.008146126129489728,False,135,4
H1,venn_abers - raw,dlog_loss,1w,Weather,pooled,NA,0.013502356381829332,-0.003102927364721188,0.031317645765885936,0.013640312601126556,False,135,4
H1,binning10 - raw,dbrier,24h,ALL,per_domain,NA,0.002305340159915164,0.0018046796964503663,0.0027851752860409275,0.002295402808861629,True,36580,14
H1,isotonic - raw,dbrier,24h,ALL,per_domain,NA,0.0012672898195042143,0.0008894209085327058,0.0016607551355749246,0.0012642397259906408,True,36580,14
H1,platt - raw,dbrier,24h,ALL,per_domain,NA,0.00038780585129686543,0.00011444562974175079,0.0006524460514231172,0.0003883267905564644,True,36580,14
H1,venn_abers - raw,dbrier,24h,ALL,per_domain,NA,0.0009954773083994204,0.0006366394555714801,0.0014038079226503103,0.001013088539212665,True,36580,14
H1,binning10 - raw,dbrier,24h,Crypto,per_domain,NA,0.004781962080077337,0.0009331489895393135,0.008264849109580833,0.00474244207916344,True,1255,3
H1,isotonic - raw,dbrier,24h,Crypto,per_domain,NA,0.004039899937040982,0.0008104497480461764,0.007472138800528208,0.0041239786726825645,True,1255,3
H1,platt - raw,dbrier,24h,Crypto,per_domain,NA,0.001162743021564496,-0.0018265978713373388,0.004236891581575793,0.0011668393362524205,False,1255,3
H1,venn_abers - raw,dbrier,24h,Crypto,per_domain,NA,0.0025367434722160117,-0.0006343713305606624,0.005349128709823966,0.002502985968387399,False,1255,3
H1,binning10 - raw,dbrier,24h,Entertainment,per_domain,NA,0.002029891144145158,-0.0010104189520519862,0.00509426642681642,0.0020843166342703018,False,2124,6
H1,isotonic - raw,dbrier,24h,Entertainment,per_domain,NA,0.002770745597316608,0.0002106615354042381,0.005282251297943519,0.002762150105558217,True,2124,6
H1,platt - raw,dbrier,24h,Entertainment,per_domain,NA,0.000405508582193678,-0.0014462749652318064,0.0022464489026950926,0.0003658440473913225,False,2124,6
H1,venn_abers - raw,dbrier,24h,Entertainment,per_domain,NA,0.0016842540654280777,-0.0007196365094288165,0.004189223273470437,0.0016909528839199853,False,2124,6
H1,binning10 - raw,dbrier,24h,Finance,per_domain,NA,0.003490193371466051,0.002081684014952957,0.004757281300804415,0.0034950587276879794,True,5042,13
H1,isotonic - raw,dbrier,24h,Finance,per_domain,NA,0.0013027353357269403,0.00022885373854955924,0.0024176818693814797,0.0013013192493505246,True,5042,13
H1,platt - raw,dbrier,24h,Finance,per_domain,NA,0.0005179776745406838,-0.00010336867990600918,0.0010850760302372135,0.0005100773977497445,False,5042,13
H1,venn_abers - raw,dbrier,24h,Finance,per_domain,NA,0.0011361068223364708,5.732303093775598e-05,0.0022236112120955728,0.0010973631883065276,True,5042,13
H1,binning10 - raw,dbrier,24h,Politics,per_domain,NA,0.007621612799035843,0.0026292304207339596,0.012286849275044623,0.007523655577270326,True,850,2
H1,isotonic - raw,dbrier,24h,Politics,per_domain,NA,0.0039716461715025575,-0.0001915241298128662,0.00849772177872587,0.004002586820038114,False,850,2
H1,platt - raw,dbrier,24h,Politics,per_domain,NA,0.0012588811687645985,-0.0008240018442997435,0.0031607828334588735,0.001221381717213318,False,850,2
H1,venn_abers - raw,dbrier,24h,Politics,per_domain,NA,0.004319968629413837,-3.53702112664784e-05,0.00863124234091726,0.004312563291449689,False,850,2
H1,binning10 - raw,dbrier,24h,Sports,per_domain,NA,0.0025235826162934697,0.0013376600785532985,0.0037126240144539527,0.002496843681210663,True,8056,2
H1,isotonic - raw,dbrier,24h,Sports,per_domain,NA,0.001806028322489808,0.0007900349991004016,0.0028689306952969667,0.0017915689643397347,True,8056,2
H1,platt - raw,dbrier,24h,Sports,per_domain,NA,0.0008122114442347598,0.0001869467176699459,0.0014620340894320365,0.0008264730151654673,True,8056,2
H1,venn_abers - raw,dbrier,24h,Sports,per_domain,NA,0.0011550476494517038,0.0002808229109504565,0.002157651744941239,0.001192048316529447,True,8056,2
H1,binning10 - raw,dbrier,24h,Weather,per_domain,NA,0.001537972494367778,0.001026234667590153,0.00203880988024979,0.001536705889611553,True,19253,14
H1,isotonic - raw,dbrier,24h,Weather,per_domain,NA,0.0005665957800491847,0.0001791927975229483,0.0009821064331877658,0.0005835455745845899,True,19253,14
H1,platt - raw,dbrier,24h,Weather,per_domain,NA,8.520892829986291e-05,-0.0001652504645377277,0.0003534487822233287,9.094148095162925e-05,False,19253,14
H1,venn_abers - raw,dbrier,24h,Weather,per_domain,NA,0.0005686544149714482,0.00017058356534529004,0.0009684296235500393,0.0005684101815450425,True,19253,14
H1,binning10 - raw,dlog_loss,24h,ALL,per_domain,NA,0.00958500715975099,0.007525236499237808,0.011962739403688232,0.00958213909879048,True,36580,14
H1,isotonic - raw,dlog_loss,24h,ALL,per_domain,NA,0.012584474751596752,0.009111848394224598,0.016352263275118944,0.012491384600875583,True,36580,14
H1,platt - raw,dlog_loss,24h,ALL,per_domain,NA,0.0012462335832779232,0.00048060171888091523,0.0020649298222230016,0.0012535211885126075,True,36580,14
H1,venn_abers - raw,dlog_loss,24h,ALL,per_domain,NA,0.0025753447714148554,0.0014777421856169762,0.0036596250352728906,0.0025908061183512144,True,36580,14
H1,binning10 - raw,dlog_loss,24h,Crypto,per_domain,NA,0.012515733002178725,0.0009051013498389426,0.024369669295170485,0.012407416115982749,True,1255,3
H1,isotonic - raw,dlog_loss,24h,Crypto,per_domain,NA,0.012635046028290907,0.0019696484152957154,0.023599308504282535,0.012646181396487384,True,1255,3
H1,platt - raw,dlog_loss,24h,Crypto,per_domain,NA,0.0011644626688247354,-0.006383510055743468,0.008787385442378023,0.001139605905364637,False,1255,3
H1,venn_abers - raw,dlog_loss,24h,Crypto,per_domain,NA,0.004705166659736121,-0.0041851872343767185,0.014239277386610393,0.004808773240925153,False,1255,3
H1,binning10 - raw,dlog_loss,24h,Entertainment,per_domain,NA,0.04092671449059338,0.014803106342442526,0.07235874342699561,0.03989761652761688,True,2124,6
H1,isotonic - raw,dlog_loss,24h,Entertainment,per_domain,NA,0.0613357468788798,0.03120079820357344,0.09585164018221967,0.06011592958213259,True,2124,6
H1,platt - raw,dlog_loss,24h,Entertainment,per_domain,NA,0.0031810263706072333,-0.0029065996706697504,0.009420160884701772,0.0032184396033183363,False,2124,6
H1,venn_abers - raw,dlog_loss,24h,Entertainment,per_domain,NA,0.0046191185672251394,-0.0017873434417660795,0.011348556657882963,0.004603835572206791,False,2124,6
H1,binning10 - raw,dlog_loss,24h,Finance,per_domain,NA,0.010754561316541312,0.007133801667041254,0.014491876490034568,0.01081016061304288,True,5042,13
H1,isotonic - raw,dlog_loss,24h,Finance,per_domain,NA,0.009948260865439753,0.0019393803913113098,0.01908689889025357,0.009604437903737027,True,5042,13
H1,platt - raw,dlog_loss,24h,Finance,per_domain,NA,0.001040587653243135,-0.0006710219684803191,0.0027879524725761525,0.0010345452133467595,False,5042,13
H1,venn_abers - raw,dlog_loss,24h,Finance,per_domain,NA,0.00319276025665103,0.00014552669078902092,0.006321061034861399,0.0031841829410918293,True,5042,13
H1,binning10 - raw,dlog_loss,24h,Politics,per_domain,NA,0.019637696595884838,0.00749396562683874,0.031756232364316565,0.019351636061743713,True,850,2
H1,isotonic - raw,dlog_loss,24h,Politics,per_domain,NA,0.02137991960914831,0.0004649028292853752,0.05451301746918552,0.02050087897353815,True,850,2
H1,platt - raw,dlog_loss,24h,Politics,per_domain,NA,0.004269526372736265,-0.0007288851029135546,0.009047273862924256,0.0043575498410687395,False,850,2
H1,venn_abers - raw,dlog_loss,24h,Politics,per_domain,NA,0.011735246891058952,0.0013518923616999937,0.022237498143194832,0.01183602563033553,True,850,2
H1,binning10 - raw,dlog_loss,24h,Sports,per_domain,NA,0.01313641318966343,0.007970029418633923,0.01887679184473198,0.012931048974829619,True,8056,2
H1,isotonic - raw,dlog_loss,24h,Sports,per_domain,NA,0.02278327582868023,0.013173163437778893,0.034449602807899604,0.022573668410127583,True,8056,2
H1,platt - raw,dlog_loss,24h,Sports,per_domain,NA,0.0036015733575896296,0.0016864754162905545,0.005805051235613872,0.0036814133263112173,True,8056,2
H1,venn_abers - raw,dlog_loss,24h,Sports,per_domain,NA,0.0029084633559049774,0.0005590424044334464,0.00538826663615097,0.002877560941833726,True,8056,2
H1,binning10 - raw,dlog_loss,24h,Weather,per_domain,NA,0.0037002280417339924,0.0022885595198007544,0.005172964311535968,0.0037063965113878217,True,19253,14
H1,isotonic - raw,dlog_loss,24h,Weather,per_domain,NA,0.003237513335583656,0.0011142477253471904,0.005681591745253401,0.003164034873967582,True,19253,14
H1,platt - raw,dlog_loss,24h,Weather,per_domain,NA,-2.7044695240125772e-05,-0.0006525388565555559,0.0005852746258174886,-9.606447195658154e-08,False,19253,14
H1,venn_abers - raw,dlog_loss,24h,Weather,per_domain,NA,0.0015055670221261772,0.0004906960143033927,0.002539945169203475,0.0014775122156836886,True,19253,14
H1,binning10 - raw,dbrier,24h,ALL,pooled,NA,0.002636381852026559,0.0022269938666064494,0.0030581480262786742,0.0026472843493961715,True,38346,14
H1,isotonic - raw,dbrier,24h,ALL,pooled,NA,0.0005736183789582323,0.00033989714987221113,0.0008234548458262024,0.0005786863402011872,True,38346,14
H1,platt - raw,dbrier,24h,ALL,pooled,NA,0.00011918219257168937,-3.587339633771536e-06,0.00024383227808931035,0.00011924422904896844,False,38346,14
H1,venn_abers - raw,dbrier,24h,ALL,pooled,NA,0.0005533562036721204,0.0003231260464596886,0.0007721556438120179,0.0005600646291282635,True,38346,14
H1,binning10 - raw,dbrier,24h,Crypto,pooled,NA,0.005481109686661477,0.003306911727032716,0.007535794409177791,0.005408498337036586,True,1810,7
H1,isotonic - raw,dbrier,24h,Crypto,pooled,NA,0.0009993248107894263,-9.016481157862697e-05,0.0021489980806232946,0.0009826268793393953,False,1810,7
H1,platt - raw,dbrier,24h,Crypto,pooled,NA,0.0009541790834964346,0.0004274327672483435,0.0014839951156610332,0.0009446825251309018,True,1810,7
H1,venn_abers - raw,dbrier,24h,Crypto,pooled,NA,0.001111530270767819,-5.2355502441533226e-05,0.0022190027053700196,0.0011333385624127442,False,1810,7
H1,binning10 - raw,dbrier,24h,Entertainment,pooled,NA,0.004529002142757936,0.0024932730748683744,0.006803563929558965,0.004563564773080807,True,2297,12
H1,isotonic - raw,dbrier,24h,Entertainment,pooled,NA,0.0005379584510582175,-0.0003683486295875521,0.0014176008251003838,0.0005539503498547752,False,2297,12
H1,platt - raw,dbrier,24h,Entertainment,pooled,NA,-6.147808781825496e-05,-0.000429319907991596,0.0003570624495515576,-5.7674951769799885e-05,False,2297,12
H1,venn_abers - raw,dbrier,24h,Entertainment,pooled,NA,0.00037568857221016624,-0.0005224897225300365,0.0012115693044590808,0.0003804180777190198,False,2297,12
H1,binning10 - raw,dbrier,24h,Finance,pooled,NA,0.0035090060734908187,0.002372782664083187,0.004618631580646565,0.003489959121338378,True,5282,14
H1,isotonic - raw,dbrier,24h,Finance,pooled,NA,0.0010548184386959432,0.00041896356717933703,0.0016703346431333763,0.0010561493218020882,True,5282,14
H1,platt - raw,dbrier,24h,Finance,pooled,NA,0.00047250909944670486,0.00019500829299476713,0.000733990433823644,0.0004664394511379171,True,5282,14
H1,venn_abers - raw,dbrier,24h,Finance,pooled,NA,0.0009558791068619032,0.00029249264703259703,0.0015808100487464882,0.0009385174892727619,True,5282,14
H1,binning10 - raw,dbrier,24h,Politics,pooled,NA,0.004097243732014218,0.0010268043865173464,0.007294981601409205,0.004170730072965751,True,1181,12
H1,isotonic - raw,dbrier,24h,Politics,pooled,NA,0.0007203502288527822,-0.0006042250975681636,0.0018755043571840276,0.0006709431264422603,False,1181,12
H1,platt - raw,dbrier,24h,Politics,pooled,NA,2.1466165241073385e-05,-0.0006962535478163953,0.0007025486365532247,3.144538735237227e-05,False,1181,12
H1,venn_abers - raw,dbrier,24h,Politics,pooled,NA,0.0006843453639896897,-0.0005393393184422353,0.0018667518837141794,0.0006868342702346662,False,1181,12
H1,binning10 - raw,dbrier,24h,Sports,pooled,NA,0.0023001365138419832,0.001398465797953638,0.003120483637934214,0.002280876306138599,True,8523,7
H1,isotonic - raw,dbrier,24h,Sports,pooled,NA,0.0003349159291367486,-7.91935597680386e-05,0.0007536641012333398,0.00033103026416396003,False,8523,7
H1,platt - raw,dbrier,24h,Sports,pooled,NA,-0.000130802537948954,-0.000436054108317876,0.00020934083435217432,-0.00012105375714469985,False,8523,7
H1,venn_abers - raw,dbrier,24h,Sports,pooled,NA,0.0003300280491269619,-0.00010919175962190129,0.0007500553796100285,0.00033763789472434535,False,8523,7
H1,binning10 - raw,dbrier,24h,Weather,pooled,NA,0.001962982060347772,0.0014399951127458772,0.0025272883125993825,0.0019541306554130174,True,19253,14
H1,isotonic - raw,dbrier,24h,Weather,pooled,NA,0.0005025050024631577,0.00012751342232610743,0.0008470520611830227,0.0005020266011072122,True,19253,14
H1,platt - raw,dbrier,24h,Weather,pooled,NA,8.196108707503864e-05,-0.00011476022699218699,0.00026140727559525925,7.901570118038195e-05,False,19253,14
H1,venn_abers - raw,dbrier,24h,Weather,pooled,NA,0.0005024762980070187,0.00014678304793975998,0.0008410716668929415,0.0005099572615134146,True,19253,14
H1,binning10 - raw,dlog_loss,24h,ALL,pooled,NA,0.007496364833977567,0.0063943698316201334,0.008709523774044499,0.007508036685850523,True,38346,14
H1,isotonic - raw,dlog_loss,24h,ALL,pooled,NA,0.0034967422941738924,0.002088118489079331,0.005131343101481627,0.0034829289690544345,True,38346,14
H1,platt - raw,dlog_loss,24h,ALL,pooled,NA,0.000277174719974793,-4.0835092346668464e-05,0.000611132515904348,0.00027730837105334916,False,38346,14
H1,venn_abers - raw,dlog_loss,24h,ALL,pooled,NA,0.0016977860665293226,0.0010481723663250118,0.0023705571374710356,0.0016963340944218296,True,38346,14
H1,binning10 - raw,dlog_loss,24h,Crypto,pooled,NA,0.017209747170502235,0.010567746644861131,0.024954972814218126,0.017499913006904615,True,1810,7
H1,isotonic - raw,dlog_loss,24h,Crypto,pooled,NA,0.0035252732458395594,0.0005499074088371874,0.0069292979378827455,0.003642426935131453,True,1810,7
H1,platt - raw,dlog_loss,24h,Crypto,pooled,NA,0.003298873105514979,0.002006817102162698,0.004828707572764708,0.0033193817426236207,True,1810,7
H1,venn_abers - raw,dlog_loss,24h,Crypto,pooled,NA,0.003745194005222041,0.0009489440796684027,0.006647757989877195,0.003752322485730247,True,1810,7
H1,binning10 - raw,dlog_loss,24h,Entertainment,pooled,NA,0.013329573331670478,0.006685344271173686,0.020085838108444262,0.013546793806199931,True,2297,12
H1,isotonic - raw,dlog_loss,24h,Entertainment,pooled,NA,0.007498423998421691,0.0005729249545649145,0.020402031511223835,0.0070291182277259345,True,2297,12
H1,platt - raw,dlog_loss,24h,Entertainment,pooled,NA,-6.923288572989181e-06,-0.0011188491474125712,0.0010941578918194407,9.290810746194447e-06,False,2297,12
H1,venn_abers - raw,dlog_loss,24h,Entertainment,pooled,NA,0.00214478128319988,-0.000524262149131289,0.004584222820802036,0.0021175955832253776,False,2297,12
H1,binning10 - raw,dlog_loss,24h,Finance,pooled,NA,0.012821226931077638,0.008948134358890584,0.016463941810453735,0.01286676386013352,True,5282,14
H1,isotonic - raw,dlog_loss,24h,Finance,pooled,NA,0.01215849633474101,0.00444377499046519,0.02158385851432891,0.011874169475251826,True,5282,14
H1,platt - raw,dlog_loss,24h,Finance,pooled,NA,0.001342612259953287,0.0005072695570230544,0.00224414089476807,0.0013570768969297028,True,5282,14
H1,venn_abers - raw,dlog_loss,24h,Finance,pooled,NA,0.003618009545360269,0.0013378981040304517,0.0058369177841838165,0.003610169192859562,True,5282,14
H1,binning10 - raw,dlog_loss,24h,Politics,pooled,NA,0.0136427420893597,0.004903031354548107,0.022171680749680775,0.013632377840992041,True,1181,12
H1,isotonic - raw,dlog_loss,24h,Politics,pooled,NA,0.002545025629908011,-0.0012748601660812473,0.006622659511998051,0.0025817292994624414,False,1181,12
H1,platt - raw,dlog_loss,24h,Politics,pooled,NA,-0.00010065507909137806,-0.0017842044471693764,0.001769003601301581,-5.011053509624194e-05,False,1181,12
H1,venn_abers - raw,dlog_loss,24h,Politics,pooled,NA,0.002251686311456602,-0.0010405421443756043,0.00564232281483574,0.002233579057504983,False,1181,12
H1,binning10 - raw,dlog_loss,24h,Sports,pooled,NA,0.0063960367362370756,0.00405543687269784,0.008954787944330335,0.006435828980324489,True,8523,7
H1,isotonic - raw,dlog_loss,24h,Sports,pooled,NA,0.0007618573561285794,-0.00042415002316451776,0.00197751861587496,0.0007592259379522472,False,8523,7
H1,platt - raw,dlog_loss,24h,Sports,pooled,NA,-0.0003685920379349887,-0.0011151144548206917,0.00037756777884486077,-0.000375830165265197,False,8523,7
H1,venn_abers - raw,dlog_loss,24h,Sports,pooled,NA,0.0008038579336899958,-0.000302077293601537,0.001846615142278669,0.0007736296088023983,False,8523,7
H1,binning10 - raw,dlog_loss,24h,Weather,pooled,NA,0.0045364729362599695,0.0030969784257729384,0.005948484651842615,0.004523212178769611,True,19253,14
H1,isotonic - raw,dlog_loss,24h,Weather,pooled,NA,0.0019093799593694805,0.0006298035985908762,0.003511968739108836,0.0018514318548549557,True,19253,14
H1,platt - raw,dlog_loss,24h,Weather,pooled,NA,4.374330835075147e-05,-0.0003715827245262993,0.0004769887527463312,4.865976202744642e-05,False,19253,14
H1,venn_abers - raw,dlog_loss,24h,Weather,pooled,NA,0.0012869210839302116,0.0004213696769760395,0.0021421386123948384,0.00128741537269216,True,19253,14
H2,mondrian - marginal,dcoverage,1w,ALL,na,0.1,-0.0011327594019030357,-0.005437245129134572,0.0031773901223380104,-0.0011327594019030357,False,4414,4
H2,mondrian - marginal,dcoverage,1w,Crypto,na,0.1,0.0,-0.033707865168539325,0.033707865168539325,0.0,False,89,4
H2,mondrian - marginal,dcoverage,1w,Entertainment,na,0.1,-0.013227513227513227,-0.019400352733686066,-0.007054673721340388,-0.013227513227513227,True,1134,4
H2,mondrian - marginal,dcoverage,1w,Finance,na,0.1,0.010606060606060607,0.0030303030303030303,0.01818181818181818,0.010606060606060607,True,660,4
H2,mondrian - marginal,dcoverage,1w,Politics,na,0.1,0.05007153075822604,0.034334763948497854,0.06580829756795423,0.05007153075822604,True,699,4
H2,mondrian - marginal,dcoverage,1w,Sports,na,0.1,-0.020624631703005304,-0.02828520919269299,-0.01296405421331762,-0.020624631703005304,True,1697,4
H2,mondrian - marginal,dcoverage,1w,Weather,na,0.1,0.022222222222222223,0.0,0.05185185185185185,0.022222222222222223,False,135,4
H2,mondrian - marginal,dcoverage,24h,ALL,na,0.1,-2.607833933135138e-05,-0.0011480988890627444,0.001095942210400041,-5.215667866270276e-05,False,38346,14
H2,mondrian - marginal,dcoverage,24h,Crypto,na,0.1,0.020441988950276244,0.014364640883977901,0.02707182320441989,0.020441988950276244,True,1810,7
H2,mondrian - marginal,dcoverage,24h,Entertainment,na,0.1,0.0030474531998258597,-0.00261210274270788,0.0087070091423596,0.0030474531998258597,False,2297,12
H2,mondrian - marginal,dcoverage,24h,Finance,na,0.1,0.023665278303672852,0.01968951154865581,0.027830367285119274,0.023475956077243468,True,5282,14
H2,mondrian - marginal,dcoverage,24h,Politics,na,0.1,0.027095681625740897,0.017781541066892465,0.03725656223539373,0.027095681625740897,True,1181,12
H2,mondrian - marginal,dcoverage,24h,Sports,na,0.1,-0.005045171887832923,-0.007509093042355978,-0.0023465915757362433,-0.004927842309046111,True,8523,7
H2,mondrian - marginal,dcoverage,24h,Weather,na,0.1,-0.008258453228068353,-0.009608892120708461,-0.007011894250246715,-0.008310393185477587,True,19253,14
H3,aci - static_once,dMAD_from_nominal,1w,ALL,na,0.1,-0.02485402435058895,-0.030360325584856726,-0.012735506067440469,-0.023054605903505276,True,4414,4
H3,rolling - static_once,dMAD_from_nominal,1w,ALL,na,0.1,-0.022338616953997414,-0.02919113875153457,-0.012953419332664907,-0.021319500210273706,True,4414,4
H3,aci - static_once,dMAD_from_nominal,1w,Crypto,na,0.1,-0.029941860465116293,-0.0427088068181818,0.007703488372093014,-0.019587997142176697,False,89,4
H3,rolling - static_once,dMAD_from_nominal,1w,Crypto,na,0.1,-0.029941860465116293,-0.04047651397515525,0.004298817804579492,-0.019230769230769218,False,89,4
H3,aci - static_once,dMAD_from_nominal,1w,Entertainment,na,0.1,-0.012223047735293369,-0.019591351154146203,0.0005527866293503748,-0.009624886718615167,False,1134,4
H3,rolling - static_once,dMAD_from_nominal,1w,Entertainment,na,0.1,-0.0025147928994083135,-0.008385216840230207,0.006320224719101125,-0.0020833333333333537,False,1134,4
H3,aci - static_once,dMAD_from_nominal,1w,Finance,na,0.1,-0.004964589511248146,-0.013648727581882212,0.005620420451646827,-0.004118908390697354,False,660,4
H3,rolling - static_once,dMAD_from_nominal,1w,Finance,na,0.1,0.0011415525114155112,-0.002193713450292404,0.003456221198156695,0.0010460251046024993,False,660,4
H3,aci - static_once,dMAD_from_nominal,1w,Politics,na,0.1,0.0015669515669515799,-0.008205428414553502,0.012775115028534574,0.0019465125106597897,False,699,4
H3,rolling - static_once,dMAD_from_nominal,1w,Politics,na,0.1,0.022359841804286268,0.010964074751116064,0.033412557968424926,0.022018323360832995,True,699,4
H3,aci - static_once,dMAD_from_nominal,1w,Sports,na,0.1,-0.06509073510486113,-0.08374447144118352,-0.03657536215135817,-0.06213254458650372,True,1697,4
H3,rolling - static_once,dMAD_from_nominal,1w,Sports,na,0.1,-0.047808901712541096,-0.06794762863063213,-0.026662088367622027,-0.046168816997420856,True,1697,4
H3,aci - static_once,dMAD_from_nominal,1w,Weather,na,0.1,0.0,0.0,0.0,0.0,False,135,4
H3,rolling - static_once,dMAD_from_nominal,1w,Weather,na,0.1,0.0,0.0,0.0,0.0,False,135,4
H3,aci - static_once,dMAD_from_nominal,24h,ALL,na,0.1,-0.0038070145214558915,-0.004735003535600325,-0.00036641924739813506,-0.002751512605576723,True,38346,14
H3,rolling - static_once,dMAD_from_nominal,24h,ALL,na,0.1,0.005406846844908687,0.0025001760680848435,0.006990834928971715,0.005011036546237361,True,38346,14
H3,aci - static_once,dMAD_from_nominal,24h,Crypto,na,0.1,-0.01894558327859787,-0.032510067625319106,-0.004156942613684638,-0.01782598078700432,True,1810,7
H3,rolling - static_once,dMAD_from_nominal,24h,Crypto,na,0.1,-0.003866700271309906,-0.016687656048200786,0.008523374135812355,-0.003446025365861586,False,1810,7
H3,aci - static_once,dMAD_from_nominal,24h,Entertainment,na,0.1,-0.03506665131392846,-0.06598077816666802,-0.021226796521222602,-0.03827676614838909,True,2297,12
H3,rolling - static_once,dMAD_from_nominal,24h,Entertainment,na,0.1,-0.031939778655738785,-0.06377617777479584,-0.01943827340995952,-0.03591624619670643,True,2297,12
H3,aci - static_once,dMAD_from_nominal,24h,Finance,na,0.1,-0.013970402943688993,-0.016131072530314112,-0.001035936215425619,-0.009072168248445414,True,5282,14
H3,rolling - static_once,dMAD_from_nominal,24h,Finance,na,0.1,-0.007754444245345882,-0.014145562182029461,0.0025057683879474804,-0.0057145596416490075,False,5282,14
H3,aci - static_once,dMAD_from_nominal,24h,Politics,na,0.1,0.0008949909933074901,-0.03178897825876529,0.006457417161710726,-0.0023539074165786836,False,1181,12
H3,rolling - static_once,dMAD_from_nominal,24h,Politics,na,0.1,0.004364189722099912,-0.028890646987869358,0.009482682805431679,0.0008666102796712136,False,1181,12
H3,aci - static_once,dMAD_from_nominal,24h,Sports,na,0.1,0.002372352467222144,-0.013845589910143714,0.013705910876084521,-0.0014884235106346622,False,8523,7
H3,rolling - static_once,dMAD_from_nominal,24h,Sports,na,0.1,0.014008981723050436,-0.00294949725102933,0.0242559802634439,0.010170952892683969,False,8523,7
H3,aci - static_once,dMAD_from_nominal,24h,Weather,na,0.1,-0.014350085745641363,-0.014191428608743312,-0.006848380290739969,-0.011025063087625284,True,19253,14
H3,rolling - static_once,dMAD_from_nominal,24h,Weather,na,0.1,-0.0020910273028876755,-0.0047082742762695135,0.0006444445518781299,-0.0019316500261038327,False,19253,14
